"doubles","tennis","singles","atp","semifinals","tournaments","quarterfinals","clay","itf","hurdles","challenger","apr","qf","sf","open","sep","jul","semifinal","jun","govt","nov","aug","courts","wimbledon","iaaf","slam","surface","feb","villanova","dnq","rana","baylor","nadia","bahamas","tournament","liao","goryeo","titles","quarterfinal","averaged","somaliland","cameroun","marcelo","medalist","squash","matti","grass","trailhead","metcalfe","landry","hyung","энциклопедия","michał","krakow","nathalie","lycaenidae","douai","argus","assists","teamed","medals","sets","kia","divya","wynn","nadal","michaela","lakers","casement","aruna","novak","mtskheta","santander","whiting","aoki","liars","hickman","agnieszka","turnbull","unseeded","saba","kieran","becker","hackett","federer","felder","connors","ola","legrand","djokovic","andriy","kamil","paxton","elmo","ripley","bandara","yasin","hiss","emerson","hynes"
"cast","outscored","drama","david","plot","michael","james","directed","episode","fight","jack","man","tom","george","kelly","starring","lee","jones","peter","alex","smith","nick","paul","robert","richard","ryan","tko","young","simon","mark","kevin","scott","joe","ref","gordon","steve","william","chris","brian","london","fa","kate","davies","frank","agent","taylor","sam","police","murder","stars","crime","williams","josh","ian","murphy","tony","thomas","ben","martin","night","adam","def","mr","jim","viewers","bill","soo","mike","free","reception","bbc","craig","jessica","get","andrew","harry","roles","ross","ashley","said","alan","wilson","australian","henry","barry","find","qualifiers","bob","king","leicester","mary","shot","charles","tim","boxing","bristol","stephen","brown","heavyweight","ko"
"president","william","married","illinois","virginia","graduated","worked","washington","degree","george","james","wisconsin","law","director","texas","massachusetts","award","faculty","arizona","assistant","thomas","chicago","moved","attended","mary","california","charles","appointed","harvard","michigan","oregon","son","bachelor","children","ohio","trump","robert","london","pennsylvania","smith","court","henry","graduate","carolina","board","politician","attorney","father","society","boston","wife","chief","joined","education","minnesota","elected","chair","hospital","daughter","florida","jr","african","royal","justice","professor","dr","association","business","vermont","australian","judge","medical","electors","dean","chairman","maryland","edward","philadelphia","indiana","elizabeth","lecturer","australia","went","sir","connecticut","businessman","council","ph","johnson","jersey","educated","governor","hall","dakota","studied","richard","awards","personal","georgia","williams"
"italian","di","italy","della","francesco","giovanni","il","rome","del","milan","san","dass","paolo","pietro","alessandro","dei","antonio","maria","naples","luigi","palazzo","marco","brahma","florence","bologna","villa","portico","venice","rai","bieber","turin","domenico","andrea","giacomo","romanesque","sant","battista","la","malta","delle","marche","quoins","genoa","durban","santa","giorgio","académico","roma","vincenzo","bianca","siena","michele","ananda","indore","da","filippo","porch","salford","fours","frescoes","lorenzo","surname","maha","mahendra","tuscany","cotta","nicola","natal","varanasi","franco","vishnu","massimo","pisa","che","verona","kwazulu","padua","medici","puebla","siva","pretoria","sicily","province","ponte","leonardo","radiata","città","baroque","martino","federico","lucia","cesare","dijon","girolamo","marcello","tuscan","bartolomeo","gauteng","aquila","sundar"
"bulldogs","belgian","brussels","belgium","ghent","biennale","leuven","dodd","lucknow","vieux","antwerp","bnf","conservatoire","wcha","ru","canton","iris","isfahan","dizzy","sina","flanders","trondheim","cirque","brescia","flemish","rivière","sainte","marburg","ville","halle","venezia","bari","polina","venkatesh","bevan","flynn","flammarion","raphaël","storia","brice","aux","père","arrondissement","fitzpatrick","bergamo","bruges","lld","matheson","belgique","breslau","django","cyr","ewing","istituto","kalam","maxi","františek","lausanne","enzo","namur","metallica","parma","workington","albin","mechelen","carola","galle","kirill","mitra","pontifical","cremona","vicenza","justus","gruber","tsn","graubünden","animas","bosch","arles","donato","italiano","whitmore","louvain","saracens","fontana","ancienne","auvergne","chaux","vis","rtl","schuyler","aligarh","kendrick","benevento","liguria","degli","acha","treviso","yves","kunsthalle"
"saint","le","la","communes","sur","french","france","les","et","des","paris","jean","department","en","pierre","sinhala","sevens","zhu","école","histoire","académie","georges","curacy","gujarati","françois","lyon","île","fr","andré","julien","henri","commune","toulouse","étienne","renaud","denis","loire","lycée","marseille","haute","gérard","bains","marne","civitas","navarro","pas","luc","wrexham","nantes","alain","andorra","mesnil","bourg","fontaine","matsumoto","jeanne","romain","frédéric","monaco","mont","provence","pascal","dame","institut","lilian","normale","félix","grimsby","collège","nuit","montpellier","didier","nice","côtes","martin","alpes","angers","winery","loup","salamanca","jia","simona","powerlifting","maison","othello","cnrs","baptiste","essai","côte","bhojpuri","bertrand","comte","ting","vlad","encyclopédie","polytechnique","adrien","els","diderot","yeah"
"hungarian","hungary","snatch","budapest","pb","fa","cardiff","lviv","bratislava","yanow","sb","brno","graz","glamorgan","austria","rijeka","ro","zemun","austrian","salzburg","bop","storefront","delisted","kwan","innsbruck","zala","berklee","linz","mn","kr","swansea","trieste","ivano","istván","ostrava","erste","frankivsk","ind","aus","hartmann","jpn","timișoara","assemblyman","pod","vojvodina","makati","atms","slovak","slovakia","aviator","griffiths","rm","lithium","cs","béla","neustadt","brubeck","chernivtsi","ternopil","giulia","druce","subotica","mfk","vas","józsef","dh","sn","oblast","prasanna","squat","styria","havilland","hendry","olomouc","glaucous","vorarlberg","hendon","merthyr","rivne","košice","eka","és","pembrokeshire","pölten","buda","austro","deutsch","aberdare","aviators","jagiellonian","gyula","hansa","coursed","vodka","pula","debrecen","connelly","adria","lexikon","koper"
"sepals","erect","friendlies","sepal","choi","hairy","storeys","cornice","pac","universiade","skating","sk","himachal","yao","deportivo","byu","tianjin","haut","downwards","sp","shenzhen","tercera","mori","gens","orchidaceae","lateritic","fang","iso","tc","nemzeti","qr","stamens","eremophila","bajnokság","chai","mandi","timbers","eesti","laval","espanyol","nomen","petal","ik","rink","lala","gambia","exits","alexandru","collaborates","plebeian","yong","alii","harbin","mallorca","flowered","consulship","immersive","virtus","bracts","rojo","ong","daisies","bandy","newell","inflorescence","loft","latvijas","proconsul","hani","eliteserien","rcd","jours","œuvre","greenway","krasnoyarsk","skate","centrum","kumasi","ling","westbound","otsego","simba","atm","subaru","skaters","ilia","renumbered","sabadell","sundial","calyx","fremont","plebs","maddie","eastbound","swazi","aina","praenomen","banjul","ssv","raceme"
"afl","melbourne","brisbane","australian","sydney","pm","adelaide","coached","auburn","premiership","spartans","alabama","queensland","lw","fremantle","goalscorers","bulls","palermo","vfl","victorian","mcfarland","arena","dyer","cougars","davidson","chattanooga","levi","geelong","victoria","gaa","charleston","va","norwich","villers","phillips","stats","hawthorn","benefice","dsq","hooker","thriller","rovers","nashville","hawks","parsons","unattached","purcell","pima","watts","jamie","undisclosed","havre","warwickshire","batista","ella","joyce","byard","bathurst","hale","burton","abc","curran","massey","palmer","tallahassee","dinesh","ukr","stephens","simons","wakefield","powell","shelby","srinagar","gettysburg","payne","swan","adjutant","saunders","richmond","clifton","capri","mcintosh","rennes","vaughan","maricopa","nicholls","hull","caen","potomac","società","vera","podiums","toto","mathew","fitzroy","cb","finishers","prelate","fabrizio","fleming"
"women","bwf","law","education","president","court","social","committee","political","rights","organization","minister","police","council","union","ministry","act","policy","secretary","al","students","director","foreign","department","development","security","association","affairs","economic","health","ambassador","legal","party","bank","board","executive","commission","services","office","support","trade","movement","management","relations","justice","chief","community","chairman","civil","founded","federal","india","foundation","administration","case","society","european","deputy","nations","nigeria","nigerian","appointed","business","established","human","countries","islamic","program","activities","children","worked","workers","media","africa","institute","financial","said","agency","training","issues","working","organizations","activist","research","youth","information","fund","leadership","organisation","degree","campaign","criminal","schools","african","vice","project","non","private","conference","supreme"
"ski","slalom","kbs","skiing","ieee","hs","cantonment","kwon","min","orf","samsung","downhill","wd","nas","triathlon","ja","biathlon","fencing","nrk","wrocław","vf","southend","pu","lv","qualifies","roadrunners","henchman","nh","fairgrounds","ghz","skier","bengt","decathlon","nordic","giant","heptathlon","bengtsson","laine","wireless","eurosport","csr","spacex","uranium","ci","ebu","ogle","ccp","exoplanets","majorca","fs","reactor","menéndez","svt","axel","harrell","pyeongchang","ts","vulnerabilities","kennebec","blanchard","gervais","lenticular","sig","eg","pentathlon","qualcomm","rossano","fp","wi","geothermal","winter","oy","joliet","tl","roswell","lte","itu","snapdragon","équipe","mcnaughton","ard","tg","miramar","sis","silversmith","stp","ufo","dota","keighley","snowboard","dci","capua","gaeta","rtv","lillehammer","ibu","yle","udp","lobo","esd"
"shrub","wheatbelt","colombia","puerto","kerala","venezuela","rico","peru","chile","bogotá","goa","venezuelan","ecuador","andes","lima","macau","bolivia","guangzhou","mello","argentine","colombian","ozarks","blocker","rican","alejandro","américa","peruvian","fcs","fbs","quito","cerro","nicolau","nicaragua","champaign","colón","laguna","cordillera","xie","urbana","bolivian","guangxi","suffect","dots","ruben","luzon","kozhikode","soares","sherwood","paso","altiplano","mendoza","quechua","spelled","corazón","el","bolívar","espinosa","duarte","bou","uc","blanco","paz","dona","osage","kochi","kollam","barbosa","cardiology","ecuadorian","cali","ferreira","pyrénées","ozark","bhattacharya","andean","chilean","medellín","maloney","kottayam","mueller","mendes","diablo","panama","nîmes","patagonia","claro","tee","inca","rtd","facundo","valle","norte","potosí","argentina","cochin","otra","gauchos","estrela","tarzan","mogadishu"
"série","rani","roles","zee","hai","bollywood","filly","yadav","patel","arjun","ki","prem","jaya","kapoor","ke","joshi","rk","ek","mani","dil","hoon","mishra","asha","anil","dutta","na","mehta","virus","sanjay","pandey","ashok","shahid","koi","bk","ghosh","hum","meena","yeh","vidya","vikram","tak","chopra","shree","nuclear","astrophysics","shyam","javed","carleton","helens","arora","manu","vivek","editing","bhatt","varun","malhotra","janine","asif","priyanka","genome","aditya","basu","jyoti","benoit","viruses","troupe","mirna","transcription","bimal","bhai","discoverers","lead","dundas","pyaar","rekha","jha","murchison","composed","lata","ashish","hoff","mera","nuclei","serials","µm","lalit","padmini","rafi","woodley","rakesh","neilson","se","malini","rang","bhosle","naa","chandrasekhar","chetan","govind","naam"
"myrtaceae","porch","hangul","yuan","zhao","eaves","aberdeen","bai","pcc","dfb","brook","lokomotiv","snp","porches","buffalo","gu","apa","cheng","tbilisi","dong","villeneuve","chun","ziyang","monique","wan","intersections","schoolhouse","parapets","macon","sanremo","cairn","spur","tania","nihon","kuan","bloomington","soissons","erie","beaver","greenville","suny","kl","percussionist","niagara","nada","maguire","kat","devonshire","fireboat","stubbs","doran","kanazawa","kazakhstani","msp","counselling","ctv","katerina","irwin","martine","angelique","ihor","kelso","hoare","nll","mieczysław","volgograd","kiryat","quan","cii","juma","clough","yekaterina","soni","manchuria","nw","troup","psychotherapy","redfern","houghton","noyes","concurrency","skinner","townsend","fo","thomsen","gor","mayfield","bandits","lauri","nigerien","vitaly","saxophonists","whisky","cowie","huntly","qajar","munroe","sek","lowry","navi"
"chandigarh","idaho","discogs","jee","boise","aztecs","div","strokes","handicap","zhejiang","armando","spokane","belmont","ciudad","thelonious","reina","universidad","mau","directorial","loyola","crosby","sundance","hbo","mcbride","ic","pesos","dub","aut","tn","bing","heng","barclays","tx","radford","paulina","pasadena","substitutions","gonzaga","fargo","yana","insulin","guadalupe","chiu","malvern","ventura","jodie","vigo","zhuang","usr","lk","macgregor","lm","angelina","cartel","culver","dolores","jiangxi","playa","barrios","juárez","avenida","swac","decca","unicode","fe","acapulco","weld","potts","nao","fx","portland","vegan","remington","tacoma","matron","stella","uw","rt","lori","mcgregor","matias","mchugh","kana","dorsey","jaeger","glover","ovarian","kunming","tous","mexicano","oaxaca","aztec","honolulu","veloso","char","folks","gracie","levin","soledad","matty"
"irish","ireland","app","dublin","cork","netflix","belfast","munster","instagram","ios","hurling","ulster","loch","limerick","cambridgeshire","pd","cloud","ying","waterford","leung","pdl","lough","lega","gaelic","accademia","mac","chitral","lombardy","sash","guernsey","kitt","hinton","calabria","roche","ardèche","rutland","antrim","kerry","visualization","iphone","tereza","stratigraphy","neill","derry","tesla","api","gb","manx","smartphone","lg","automation","meath","starter","wexford","jesper","bertie","avg","brien","cristiano","uber","robotics","silvio","rina","sd","hr","freitas","bernardi","wolfe","na","györgy","liszt","lacy","robots","kjell","apulia","auge","byrne","niall","arti","umbria","exclaim","safari","jie","ruslan","ipad","forza","ui","ofoverall","harrington","raffaele","swarm","avinash","needham","appliance","carrara","trolls","gianfranco","abruzzo","farkas","offenbach"
"la","liga","spanish","pradesh","el","uttar","constituency","del","división","juan","josé","spain","barcelona","primera","mexico","maría","mexican","punjab","taluka","madrid","sabha","luis","buenos","segunda","sarpanch","aires","maharashtra","carlos","san","gujarat","hindi","antonio","los","garcía","argentina","nacional","manuel","las","en","malayalam","miguel","bangalore","madhya","santiago","rodríguez","lópez","fernando","pedro","fernández","rey","indian","rupees","ud","babu","martínez","león","vidhan","lok","princely","sharma","sánchez","francisco","valencia","amor","shri","cuba","pablo","punjabi","vijay","kolkata","cruz","andrés","estadio","rafael","mar","gómez","enrique","salvador","méxico","córdoba","javier","toledo","julio","caracas","castillo","lal","santa","ángel","ruiz","torres","sahitya","plata","leela","phagwara","es","díaz","ramón","por","rodrigo","singh"
"canton","ap","zh","chancel","swiss","basel","switzerland","zürich","pdc","carlisle","monmouthshire","piers","bern","barrister","zurich","wikipedia","newnham","geograph","cumbria","maynooth","southwark","therese","eth","setlist","nano","cao","bailiff","newport","blackheath","yeung","barrington","cambrian","scattering","catalysis","peat","cantons","nissen","lucerne","deepa","ag","churchyard","choo","jak","cantonal","incubator","hallam","brookfield","guildhall","bioinformatics","unimproved","zug","landscaping","sarthe","chelmsford","maidstone","henrietta","silo","monaghan","disposals","weavers","genomic","walthamstow","sustainability","oswestry","ives","hereford","setae","doe","beaufort","derwent","digby","offline","usk","ev","brecon","wavy","jeunes","steeple","amt","weizmann","vásquez","sewer","slingshot","ditch","rh","kwak","dian","photovoltaic","landfill","wycombe","antibody","graphene","eisteddfod","vez","londonderry","bentinck","gau","dyke","nanostructures","udc"
"grows","flowers","australia","soils","species","plant","western","flowering","moth","leaves","endemic","labellum","height","cannabis","sandy","wingspan","albanian","pale","petals","albania","producing","whitish","plants","leaf","genus","dragonfly","yellow","tree","pink","damselfly","subspecies","wide","regions","flower","epithet","specimen","yellowish","deciduous","shaped","herb","hairs","flora","white","green","habitat","native","kosovo","var","tirana","botanist","fruit","commonly","spreading","stem","dinamo","spike","bark","depressariidae","conoidea","southern","tall","cm","tornus","tips","described","margin","borne","clay","subgenus","botanical","butterfly","lepidoptera","glabrous","branches","stalk","greyish","produces","fruits","grevillea","outcrops","coastal","purplish","fascia","red","description","mosquito","soil","diptera","seeds","belonging","posterior","nuytsia","orchids","trees","growing","wasps","wildlife","violet","rounded","underground"
"ochreous","uganda","pune","discal","kenya","birds","arunachal","zambia","antão","ethiopia","tanzania","scorers","spots","malawi","djibouti","somali","elongate","tulane","rwanda","oman","mauritius","mixtapes","somalia","congo","ethiopian","ska","snipe","lehigh","africa","chongqing","empowerment","burundi","owl","cowan","cameroon","rohit","wildlife","pradesh","lizard","surat","bird","thug","goose","beneath","seigneur","kedah","darker","jawaharlal","xinjiang","warbler","mayr","cretaceous","parasite","vert","muscat","pag","zambian","fabricius","adamawa","bicolor","fleury","trivandrum","magnolia","sudan","canary","nehru","penguins","táchira","heist","nrm","abutments","tana","ramona","hbf","sahel","otero","usman","wil","meghalaya","damselflies","gull","african","drc","johannesburg","ayurveda","gazetted","sander","therapeutics","ghazal","owls","onsen","shark","roadrunner","sparrow","yume","tui","dinosaur","zo","braunschweig","sheltered"
"german","der","von","du","und","berlin","germany","french","polish","des","die","hans","la","norwegian","paris","le","forewings","swedish","france","bibliography","jean","finnish","poland","vienna","van","éditions","norway","et","karl","finland","marie","munich","michel","für","warsaw","austrian","studied","dutch","works","directed","louis","austria","johann","jacques","leipzig","franz","friedrich","malaysia","paul","oslo","azerbaijan","hermann","hamburg","wilhelm","jan","births","georg","un","indonesia","sweden","maria","anna","carl","drama","cypriot","heinrich","jakarta","director","das","les","ernst","théâtre","verlag","johannes","au","den","rank","stockholm","philippe","cast","une","pierre","helsinki","deaths","otto","worked","claude","professor","isbn","married","en","lithuanian","biography","frankfurt","rudolf","liga","ludwig","zur","fritz","pour"
"satellite","solar","earth","space","galaxy","eclipse","star","planets","orbit","nasa","observatory","constellation","planet","utc","sun","satellites","launch","mustang","mars","displaces","astronomy","skylab","telescope","sal","minor","mass","zvezda","rocket","spacecraft","ballast","astronomical","crater","stars","belt","astronomer","moon","cluster","vp","eclipses","hd","comet","discovered","magnitude","orbital","radial","chaves","asteroid","usm","chamfered","mission","theresienstadt","jupiter","shingles","valladolid","ultra","sized","stellar","balustrade","system","planetary","braced","suisse","payload","klang","diameter","light","band","cutter","cfo","binary","discovery","tvs","lunar","herschel","cbbc","dwarf","helicopter","grégoire","aeolus","visible","cto","shiny","masson","observations","aqueduct","propeller","velocity","gators","astronaut","silverberg","rad","meteorological","gator","mig","type","luminosity","pluto","launched","mémoires","galactic"
"species","genus","mm","described","description","blooms","marine","wings","fuscous","distribution","caladenia","dark","endemic","spiders","brown","costa","australia","shell","hindwings","occurs","white","sea","grey","length","male","mangeliidae","gastropoda","black","typically","dorsal","extinct","fossil","odonata","zootaxa","jpg","base","female","yellow","goldfields","locality","ngc","habitat","comprises","contains","spider","turrids","dorsum","tip","lateral","genera","taxonomy","subfamily","middle","red","specimens","conservation","cream","sand","perennial","meaning","reddish","scales","slightly","body","fossils","streams","teeth","ribs","catalog","colour","eastern","lanka","spot","specific","wide","drilliidae","terrestrial","type","formally","narrow","formation","western","australian","basal","etymology","fish","females","africa","orange","edge","region","larvae","males","sri","upper","zealand","naming","haryana","similar","commonly"
"airport","paralympics","aircraft","flight","aviation","airlines","airline","airports","air","affaires","runway","chargé","croix","pilot","ayala","unidos","gabriela","flugelhorn","ourairports","flights","pilots","dewey","chengdu","cadets","muñoz","lobos","siam","etihad","aero","boeing","cherno","commendation","transport","airways","destinations","passengers","emirates","shakira","sud","saratov","oldenburg","flying","gaby","bolivar","gorgeous","bae","serving","gallantry","dubai","montmartre","fleet","tula","plane","arab","fly","nairobi","heyman","hawker","donahue","airbus","charter","chom","monterrey","crash","skyvector","kitchener","cashmere","gmbh","hawick","mie","iata","decker","clarksville","parton","vamps","advert","gael","bernal","universitario","kilometer","scheduled","sriwijaya","ouest","saab","caledonian","slc","accident","tver","ernestine","chippewa","yum","saatchi","choctaw","cherokee","accordionist","crew","chula","pensacola","zan","licence"
"nhk","lucius","asahi","frau","pilasters","consul","gaius","marcus","airdate","quintus","kumari","northampton","antalya","dioecesis","publius","izmir","kalan","thane","xin","nana","barangay","aruba","stockport","santi","ono","albans","bu","cayman","rockingham","cupola","curaçao","cluj","freedman","habib","pliny","tahiti","łódź","haram","kiki","sudirman","rada","hinds","malian","aman","coltrane","artnet","bir","ina","schubert","noche","adnan","marguerite","monogatari","wa","konya","amman","corvette","aulus","raqqa","elsa","porta","guadeloupe","mahi","bot","lipa","dham","boko","pir","sint","grimaldi","plessis","antilles","tribune","manda","zimmermann","murad","antonius","tolentino","rosy","satsuma","katowice","sextus","kami","kirsty","ebenezer","prefect","köln","xix","martinique","pascual","geraldine","gnaeus","maarten","virginie","jónsson","fatih","soma","thanjavur","bintang","apse"
"tbd","rhythmic","zhou","rajasthan","gd","rifle","literates","jaipur","aquatics","enlai","hua","lamar","gomez","zheng","remixes","justin","gan","shooter","yg","shelton","nguyen","nicki","dai","pistol","minaj","thakur","abby","recessed","kuomintang","beyoncé","timeslot","shooting","nai","hk","spacewatch","moonlight","iglesias","gaga","cathy","selena","gila","hayward","chi","nadezhda","covington","chauhan","kuo","magda","bình","yunnan","beşiktaş","carly","bullying","karina","eldridge","nic","nawaz","oleg","banjo","mandolin","mahesh","catalina","ariana","saheb","sxsw","johansen","damn","lazer","jahan","vibe","agra","lowell","spears","jodi","carafa","tp","tiruchirappalli","gonna","chairwoman","yuriy","marley","hin","fiddle","carey","thi","cowell","britney","ajmer","hammer","subcommittee","lyudmila","bullock","stevie","tran","timberlake","meter","nias","semifinalist","homecoming","lawson"
"são","brazilian","brazil","da","rio","rank","portuguese","wang","volleyball","chen","paulo","nationality","serie","prelate","janeiro","silva","marathon","portugal","do","dutch","standings","santos","josé","futsal","van","joão","porto","santo","greek","paulista","académica","jorge","xu","carlos","peng","dos","han","maria","santiago","metre","costa","pedro","vitória","taluk","dominican","yang","feng","domingo","roberto","lisbon","vicente","brasil","mar","pérez","eduardo","ricardo","oliveira","xiao","coppa","amsterdam","ramos","chile","pereira","manuel","grande","guatemala","xiang","italia","cuban","titular","greece","felipe","novo","li","competitions","netherlands","galea","gomes","utc","uruguay","jan","alberto","hui","augusto","fernando","souza","nacional","paraguay","lopes","het","sul","fernandes","angola","gr","martins","almeida","eurobasket","filipe","luís","stefano"
"album","song","chart","band","track","vocals","label","guitar","jazz","songs","singer","you","studio","listing","charts","records","albums","release","video","singles","bass","recorded","ep","love","piano","rock","drums","billboard","me","artist","tracks","digital","recording","cd","live","composer","producer","dance","pop","performed","my","orchestra","featuring","debut","personnel","musical","discography","songwriter","festival","tour","radio","saxophone","musician","written","lead","solo","performance","youtube","production","peak","artists","record","date","dj","show","title","format","sound","hot","reception","lyrics","concert","produced","pianist","peaked","us","opera","your","recordings","musicians","we","don","hop","uk","eurovision","version","featured","hip","duo","background","guitarist","awards","ensemble","aria","percussion","australian","hit","tenor","keyboards","entertainment"
"israeli","israel","primeira","aviv","tel","irina","dns","stavanger","rfc","palestinian","townsville","malware","по","fai","rosario","amit","idf","estrella","sha","ses","shingle","не","tal","directorate","maternity","suárez","bet","wooster","velasco","aguirre","superfamily","yat","accolade","iss","taka","gaza","nsa","moshe","ppp","perú","kfar","méndez","paediatric","за","ben","astro","ncc","adi","cisco","ariel","encryption","withdrawals","fuente","gurion","yosef","tomás","asunción","pri","cochabamba","rockstar","barra","evo","víctor","haim","sé","breakwater","sandstones","knesset","roughnecks","hl","pham","masa","paratroopers","combinatorics","hash","hostels","todos","meetinghouse","payout","usf","humbert","snowden","suarez","иван","pap","viceroyalty","sidhu","nines","sassari","hadassah","та","trawler","mcauliffe","xinhua","chirac","usp","mita","stv","tamayo","antofagasta"
"hospital","medical","wrestling","health","medicine","clinical","cancer","patients","paralympic","jerk","treatment","care","surgery","tbs","disease","lgbt","drug","heat","mental","therapy","patient","transgender","tag","marijuana","bib","subtotal","mbc","disability","cyber","wwe","brain","syndrome","jang","sbs","gay","hospitals","diseases","podcast","disorders","psychiatry","breast","rank","nhs","developmental","trials","heavyweight","hiv","wrestlers","disorder","drugs","psychiatric","aids","physicians","pain","mom","crowdfunding","nyc","wrestler","mfa","cerebral","ipc","physician","autism","dr","aff","pediatric","tumor","palsy","doctors","privacy","união","habilitation","choke","sunfish","investigator","lesbian","nwa","correctional","peer","copyright","steroid","diagnosis","sims","aveyron","meng","clapboard","symptoms","addiction","prevention","lynchburg","vaccine","diabetes","epidemiology","counseling","impairment","trauma","abc","tribeca","pride","mice"
"trump","chess","rank","rook","ell","throw","vanderbilt","guangdong","poker","alderman","mehdi","olympiad","casino","actes","wadi","chao","nt","bakery","mecklenburg","sachsen","uec","influencer","magdeburg","brandenburg","farid","colloque","underwood","rustam","geronimo","sichuan","youssef","competitions","ganja","basti","mostafa","ashworth","ruff","jeweler","alcorn","khatun","zhuhai","tipton","morrow","sprawling","dice","bahram","fath","northland","xian","renegades","irons","chipping","nb","potsdam","gai","ugo","samy","elbe","hla","hawa","board","vorpommern","dealer","cottbus","pacha","chronique","zand","magpies","jetty","gaming","tiflis","powerboat","harrach","zonal","igarashi","dede","coffeehouse","khosrow","broth","bundesstraße","schwerin","kantar","panoramio","archeologist","pulsar","openings","azim","handbooks","udi","darley","physico","somoza","renton","yeni","master","halberstadt","kędzierzyn","tinsley","terme","duomo"
"art","museum","gallery","painting","artist","arts","exhibition","jpg","painter","paintings","artists","works","collection","file","exhibitions","sculpture","design","fine","exhibited","facade","portrait","painted","paris","photography","fashion","architecture","contemporary","london","administrated","collections","portraits","sculptor","studied","designer","prix","style","academy","photographer","curator","artistic","monument","landscape","architect","sculptures","visual","studio","museums","cultural","architects","glass","statue","institute","photographs","drawing","columns","worked","designed","solo","depicting","curated","canvas","palace","created","oil","painters","rectangular","landscapes","drawings","designs","center","modern","rooms","royal","culture","graphic","women","exterior","exhibit","architectural","galerie","project","salon","interior","image","rue","prize","angeles","mural","los","san","paint","la","france","van","pieces","building","exhibits","images","suffused","magazine"
"iowa","township","huber","toledo","estradiol","intersection","emilia","nsw","niigata","guineas","moines","omaha","roar","doubs","streptomyces","sloan","tanya","pleasant","banca","delaware","romagna","faintly","spezia","pike","platted","purse","linden","loreto","rudd","sarasota","berths","marisa","myers","genova","trapani","ulla","quigley","zain","castletown","veneto","gimel","lansdowne","carrick","huff","alp","singleton","vampires","preselection","fondazione","redmond","patterson","cesena","deakin","usan","burundian","sinensis","stato","eisenberg","dello","bramble","latham","moloney","kaz","blackburn","gregson","smythe","mcpherson","marti","bolzano","asti","cassa","appropriations","downer","teramo","regionale","generali","locust","shiner","curtin","shingled","rubel","mutua","hsiang","watcher","bulgakov","sda","crédit","grieve","detergent","wl","africana","chieti","jamison","asec","kristy","risparmio","fuscus","buffy","pygmaea","suir"
"svg","tulsa","peña","psa","cube","kun","hadi","cl","hayat","srinivasa","tú","stripe","alena","aki","dm","roa","belleville","clt","todo","condominium","univision","perm","eger","borja","donaldson","ines","stack","pamplona","herz","unilever","bastos","cms","severn","hodge","mavericks","vertex","zaragoza","dartford","huron","ary","webpage","qué","clippers","castellón","está","elliptic","graphs","shtml","helsingborg","indica","zeta","triangles","octagon","polyhedron","heine","universidade","rch","guayaquil","wastewater","blum","yamashita","polygon","kaleidoscope","kn","storrs","ramanujan","renfrew","angled","bsp","niño","atr","yd","muna","conjecture","abadi","gerber","truncated","hexagon","pers","quiz","rubik","meier","icm","variétés","nv","wallis","polyhedra","shutter","ln","ga","kul","teamsters","djebel","rueda","lga","limca","eres","huesca","verner","wy"
"rebounds","sophomore","attains","poly","basket","loamy","huskies","equation","oise","geometry","masjid","oblong","graph","cartagena","qureshi","ansari","equations","wnba","ecc","ah","besançon","redirect","theorem","ophthalmology","theory","function","mecca","uploaded","kepler","umm","cyclo","prep","finite","vector","aba","algebraic","stagg","topology","convex","sahib","latif","algebra","differential","problem","ramat","pg","hakim","probability","obstetrics","ahl","bro","space","hoosiers","lace","standout","dimensional","siddiqui","bethany","kobe","mathematical","functions","linear","sofía","bint","savona","hoosier","araneta","quezon","dunk","shaykh","quantum","issa","einstein","malik","psychical","ahmadi","dreamer","we","midget","euroleague","anz","beal","reykjavik","sprints","semifinals","mathematics","tabi","paediatrician","paderborn","stefanie","oblique","siamese","yasir","boland","aerobatic","ilford","mana","node","nodes","topological"
"election","party","assembly","legislative","democratic","elected","elections","minister","votes","politician","candidate","electoral","republican","president","presidential","parliament","vote","council","incumbent","district","mayor","results","representatives","seat","seats","candidates","liberal","congress","political","ghana","voters","labour","senate","vice","governor","parliamentary","voted","conservative","deputy","term","senator","democrat","nominee","committee","lagos","labor","independent","leader","primary","secretary","cabinet","margin","defeated","chose","representing","mp","prime","office","contested","constituencies","coalition","politics","nigeria","representative","legislature","re","alliance","ghanaian","parties","ran","chairman","union","democrats","jae","voting","represented","popular","nixon","appointed","majority","campaign","running","represents","elect","progressive","affairs","social","democracy","position","clerk","percent","nationalist","opposition","federal","accra","australian","referendum","lyndon","districts","stood"
"tv","television","films","actor","award","awards","actress","cast","episode","role","directed","festival","director","episodes","theatre","filmography","comedy","show","movie","production","title","producer","miss","documentary","produced","cinema","short","starring","nominated","aired","feature","premiered","theater","acting","supporting","love","star","appeared","story","upcoming","network","stars","writer","platnick","broadcast","girl","animated","lead","movies","stage","character","plot","play","co","nominations","animation","horror","category","entertainment","debut","selected","screenplay","starred","written","screenwriter","outstanding","academy","pictures","disney","broadway","special","young","filming","voice","host","actors","program","guest","my","release","journalism","man","soundtrack","hollywood","model","cinematography","reality","comic","radio","anime","angeles","worked","action","comedian","fuji","contestant","studios","winner","critics","canadian"
"book","novel","books","poetry","story","writer","author","wrote","literary","literature","stories","writing","fiction","works","magazine","written","poems","poet","award","children","women","father","language","mother","press","short","prize","woman","review","hebrew","editor","writers","novels","how","collection","jewish","text","man","young","love","translation","god","poem","translated","my","culture","we","edited","chapter","you","festival","publishing","publication","said","verse","characters","social","lives","isbn","translations","reception","authors","our","journal","husband","daughter","library","edition","described","drama","sociology","reviews","child","art","character","volume","wife","studies","journalist","critic","parents","plot","girl","even","play","science","kor","modern","teacher","agder","nepali","essays","living","society","cultural","critical","ezekiel","philosophy","son","novelist"
"league","club","apps","goals","cup","football","fc","footballer","plays","mf","division","debut","df","squad","soccer","premier","fw","match","round","professional","matches","teams","profile","statistics","player","stadium","midfielder","uefa","loan","youth","champions","scored","playing","championship","goal","clubs","gk","side","tier","signed","copa","fifa","competitions","competition","players","appearances","defender","manager","promoted","relegated","winners","contract","results","play","cf","joined","substitute","date","transfers","currently","goalkeeper","table","runners","qualifying","super","win","soccerway","relegation","sc","away","honours","finals","sporting","rangers","tigers","ref","promotion","coach","friendly","stage","draw","scorer","knockout","continental","game","afc","forward","athletic","benfica","aggregate","seasons","hipped","opponent","amateur","leg","fee","qualification","score","fixtures","town"
"hunan","marino","odessa","conor","mv","ferrari","alfa","guizhou","newmarket","sired","littérature","goo","khz","ellie","raquel","fukushima","nouvelles","genevieve","nacho","agrawal","nouvelle","schooner","ronny","groupe","bugatti","saskatoon","toscana","farmington","iwate","carmarthenshire","supercharged","burnie","ck","nitin","voix","goulding","cctv","saxena","dtv","ferran","poésie","keke","đorđević","invercargill","fcc","moretti","александр","dodo","bonham","pinyin","palma","affaire","naz","nouveaux","kv","downey","kesha","passo","bowser","retour","bhp","psip","nickelback","neeraj","miyagi","bittersweet","synchronous","stripper","potemkin","poésies","italie","genesee","hf","tiberias","transformer","özdemir","kross","mindless","levallois","sissy","masted","tōhoku","anthologie","saith","münchner","bonheur","inshore","darpa","anka","spacek","selector","knob","mains","leguizamo","grossa","tarantino","cymbal","tad","wasatch","rien"
"station","railway","car","metro","engine","train","trains","class","passenger","rail","opened","stations","platform","express","design","uci","locomotive","ret","locomotives","bus","services","aircraft","speed","cars","railways","electric","traffic","depot","passengers","road","intelsat","operated","construction","transport","junction","model","power","wing","tunnel","designed","diesel","vehicle","gauge","closed","jalandhar","km","route","motor","exit","goods","platforms","freight","mm","system","vehicles","nc","engines","lines","transit","section","shenzhen","cycling","racing","steam","powered","type","android","weight","punjab","span","fuel","track","gt","production","amritsar","mba","standard","branch","wk","driver","capacity","side","terminal","rw","cylinder","glider","situated","via","yard","steel","queensland","specifications","range","project","driving","development","engineering","automotive","subsidiary","transportation"
"mollusca","snail","imdb","gastropod","lès","oa","nr","gastropods","dl","suture","bodo","mer","ohl","baxter","newtown","prefectural","cet","samir","ranga","loir","cev","ammonite","veterinary","med","sikorsky","surgeons","horacio","sheng","incheon","pagoda","greensboro","ammonites","ogun","corbin","ariège","librarians","maître","aleksei","zoological","lh","biblio","fda","doping","ledge","yvette","reine","vo","clinic","ovoid","velha","paleontology","kao","georgina","loo","terni","semen","kira","bivalve","corinne","myint","ema","convento","lilly","hb","lister","moms","moncton","surgical","beckwith","rmit","hautes","librairie","amiens","vicki","odesa","ptsd","overwatch","ondo","tuft","bookstore","bundeswehr","jaber","biotech","manassas","apc","cardiac","sickle","kerem","nouvelle","sørensen","hepatitis","wp","inez","marthe","scripta","cerf","saline","lees","apra","blythe"
"mendis","stockton","terre","eure","grange","obispo","akron","pomona","drôme","montgomery","bernardino","forsyth","unopposed","ueda","roanoke","arlington","rodriguez","mcmanus","wichita","rusticated","youngstown","barre","majid","kenton","raghunath","scranton","binghamton","haute","chittenden","charlottesville","ste","brownsville","ato","miro","okada","westchester","gaillard","vendée","moldavian","aurora","danville","ori","deanna","ille","elmira","duleep","allentown","iloilo","vestibule","utica","granges","waco","bakersfield","medford","şahin","capt","upton","servicing","karlovac","dimitrie","montague","athos","newberry","vilaine","npa","oswego","poughkeepsie","clackamas","verizon","fas","ömer","capel","ratu","vicomte","laredo","horia","quad","mitsui","ringer","schenectady","caller","seifert","dor","marquette","rav","capote","rockville","trafficked","legg","collegio","dearborn","jésus","catriona","cpn","sbc","lorain","inbound","tinker","annam","edgerton"
"research","professor","science","institute","journal","sciences","engineering","fellow","physics","society","studies","education","technology","academy","scientific","phd","academic","mathematics","degree","department","chemistry","economics","publications","students","psychology","contributions","computer","awarded","theory","biology","philosophy","study","journals","editor","laboratory","scientist","prize","bachelor","association","social","medical","usl","cambridge","associate","articles","physical","teaching","electrical","systems","master","development","management","distinguished","arts","oxford","books","researcher","doctorate","analysis","mathematical","center","molecular","papers","library","scholar","currently","learning","field","thesis","elected","established","applied","technical","indian","program","engineers","berkeley","co","diploma","california","quantum","press","studied","theoretical","author","computational","selected","pp","chemical","visiting","educational","information","higher","communication","earned","repositories","environmental","foundation","dissertation","language"
"apex","segmental","gf","fullback","estrogen","apical","philharmonic","brownish","joon","caf","tbc","cfl","oncology","flanker","hwa","testosterone","posteriorly","fourths","cheung","markings","soloist","moser","cellist","greenish","petoskey","jens","transformers","tong","macerata","ito","bei","wesen","wedge","thirds","auf","wo","nico","kirsten","kimi","poznan","rasmussen","serhiy","pinkish","longitudinal","épée","prospero","neuroscientist","lea","thorax","pokémon","rehabilitated","progesterone","im","hagen","pritzker","niko","piccolo","washburn","circadian","archiv","sao","kowloon","bolded","aus","crores","sohn","brahms","hochschule","petit","witt","holon","seine","dahl","katharina","hannes","astor","corrèze","seng","endocrinology","rereleased","khao","antti","sein","collegium","choral","terje","projecting","schultz","thea","freund","transversely","uns","regis","mtr","schenkel","vater","rem","moh","trumpets","directorship"
"russian","soviet","moscow","serbian","ukrainian","serbia","russia","belgrade","killed","attack","army","vladimir","military","croatian","communist","forces","bosnia","croatia","republic","yugoslavia","arrested","headquarter","herzegovina","police","yugoslav","fk","syrian","ivan","bundesliga","petersburg","turkish","ottoman","hapoel","zagreb","union","saint","prison","socialist","ussr","occupation","soldiers","bombing","macedonia","party","executed","macedonian","imperial","afghanistan","mikhail","camp","commander","nikolai","empire","costal","montenegro","german","rebels","injured","attacks","sarajevo","troops","alexander","revolution","disestablished","на","bosnian","slovenia","lebanese","al","sources","battle","bomb","red","turkey","novi","fought","prosecutor","bsc","sv","minister","parade","suicide","syria","nazi","killing","boris","massacre","uss","appointed","shot","aleksandr","afghan","purge","resistance","huffington","terrorist","civilians","civil","stalin","germany"
"japan","japanese","tokyo","brewery","osaka","prefecture","nagano","partick","ga","honda","beer","anime","lau","cop","edo","watanabe","sato","shō","dir","hokkaido","brewing","yokohama","sikkim","kai","hiroshima","akita","southport","takashi","saito","akira","herr","thanh","yamada","kato","takeshi","lotte","jaroslav","yamamoto","tun","ist","kendra","daimyō","kobayashi","samurai","hashimoto","ale","nara","beers","keirin","nagasaki","hayashi","mika","sei","inoue","breweries","toho","tatsuya","masaki","bridgewater","kabuki","groß","sugiyama","cognac","kei","burch","bakar","yamazaki","pub","uchida","brewers","noh","ozaki","kenji","natsu","wada","miyamoto","homepage","yakuza","sensei","bock","shima","bureaucrat","otoko","buhari","kenichi","toru","ramsden","miyazaki","unser","crossley","orphans","tsubasa","kon","prag","hiroko","suntory","dich","sind","tantei","mensch"
"protein","mollusk","gene","cells","water","cell","chemical","energy","acid","lens","plant","gas","organic","receptor","proteins","carbon","structure","dna","compound","surface","reaction","effects","temperature","synthesis","phase","type","activity","using","formation","oil","function","process","human","bacteria","production","mw","compounds","streak","materials","different","humans","genes","conditions","ahmedabad","electron","drug","research","properties","guwahati","method","low","calli","non","flow","mineral","field","molecular","system","development","treatment","magnetic","mine","synthetic","associated","growth","metal","potential","form","effect","liquid","tissue","coal","material","rna","developed","mining","natural","amino","gram","complex","products","bacterial","discovered","levels","molecules","strain","acetate","solid","optical","encoded","skin","heat","related","disease","acids","singha","study","minerals","reactions","binding"
"qualifier","tba","efl","ufc","qualifying","csx","belarusian","honduran","slovenian","elena","nationality","eun","sec","raion","pga","minsk","acc","belarus","chamberlin","gymnast","ost","duma","abs","ana","changsha","loser","tucson","nikola","hitter","nk","guadalajara","ang","braga","nicole","martín","hernández","desportivo","vanessa","rahul","ivie","shetty","václav","raúl","ng","chakraborty","kristina","daniela","fb","svetlana","gonzalez","na","contestants","hanna","banerjee","mari","liiga","roshan","camila","padilla","carpet","superdraft","bungalow","stanislav","balaji","pba","airs","rivera","bucurești","lucky","thierry","wc","pawn","finalists","anastasia","yangon","silvia","alicia","paula","goaltender","kanal","ecm","rodrigues","maa","avengers","nina","mixer","madsen","christensen","khyber","mara","müller","cabrera","pavel","argonauts","pakhtunkhwa","andrei","karla","petrovich","liv","fong"
"queensland","danish","copenhagen","denmark","uttarakhand","lund","pilbara","kalgoorlie","kimberley","nielsen","cairns","futebol","andersen","miloš","petersen","gertrud","odense","hilton","frederiksberg","dk","arnhem","kulkarni","kita","pulau","windmill","ceramist","lawton","niels","günther","fannie","travancore","looney","whitfield","ob","abilene","aboriginal","saraswati","kangaroo","kalle","poul","menzies","dannebrog","chua","erling","gustaf","lübeck","россии","pinky","salinas","möller","hervey","agnès","leona","ramsar","mino","paramaribo","milly","clausen","roubaix","vilhelm","broome","storeyed","laird","wagga","macdonnell","doon","outback","polski","leonora","tei","katanga","polanco","durrant","dilated","gilliam","pecos","dennison","kidman","pasir","carrington","arlette","jons","oxley","citra","géographie","frisch","bata","bloomfield","mortensen","kolding","exhibitor","partie","danes","sogn","levinson","forman","argyle","bourke","dmitrievich","rīga"
"al","mosque","temple","roman","king","ancient","castle","bc","titular","greek","bishopric","el","ibn","inscription","ad","tunisia","son","dynasty","reign","icelandic","egypt","meyrick","carthage","empire","archaeological","egyptian","ligue","algeria","ce","emperor","arabic","kingdom","mythology","tunis","town","tomb","ruins","governorate","byzantine","monument","tunisian","province","inscriptions","syria","algerian","arab","africa","bce","pf","sidi","mentioned","ruler","according","ottoman","incumbents","medieval","throne","cairo","abu","rome","aleppo","souk","mohamed","sources","region","succeeded","modified","sultan","úrvalsdeild","battle","probably","site","period","palace","islamic","antiquity","father","morocco","eucalyptus","excavations","muslim","modern","daughter","brother","remains","moroccan","fjord","ruled","iceland","archaeology","fortress","jpg","cyprus","latin","muhammad","lebanon","stade","bibliography","kings","era"
"px","align","estonian","latvian","wildcards","latvia","riga","estonia","andaman","patna","losers","text","till","id","right","securities","shogi","viaduct","junagadh","bar","furlong","asset","wiki","kamrup","color","chitra","shukla","alloa","wolverhampton","waverley","mineiro","santosh","width","anuradha","nasdaq","ipo","charan","ludwigshafen","paddington","baltic","futures","nunavut","dow","sivan","anupam","decatur","lms","burg","ima","caruso","dartmoor","oka","chau","llandudno","samford","value","velasquez","worthington","nox","ceredigion","trader","vaishali","meth","mahinda","chakra","brighton","ls","hiroyuki","equities","lpg","typeface","euston","em","samrat","anuradhapura","bash","exchanges","champa","lse","murtagh","bourne","toyama","draughts","fairweather","nelli","linh","rgb","facet","coley","kher","portfolio","finns","muni","raffles","gallegos","serif","signage","pauwels","inspected","ceballos"
"scottish","scotland","glasgow","edinburgh","ky","dundee","rovers","wta","ayr","thistle","stirling","celtic","leinster","kilmarnock","partnering","dunfermline","clan","martina","ireland","galway","gaelic","hamilton","johnstone","queen","fife","dumbarton","morton","darts","davenport","sapporo","connacht","inverness","nakamura","arbroath","lanark","tamara","peebles","kyoto","sutherland","mayo","berwick","renee","scots","livingston","cavaliers","mckenzie","billie","cavan","ayrshire","seton","evert","stenhousemuir","mcgrath","irish","okinawa","usnr","elgin","castle","greenock","navratilova","forfar","ross","argyll","wick","asiatic","barony","ashland","lothian","rua","grete","tufted","fraser","ritchie","linn","japan","burials","fumble","montrose","buchan","lauderdale","stranraer","yoshida","tanaka","cullen","lord","tokugawa","thrones","guelph","brechin","meiji","clare","dickson","domain","aomori","hingis","itftennis","ywca","leander","robertson","lanarkshire"
"game","http","software","business","data","www","com","online","founded","technology","media","digital","million","companies","news","management","https","radio","products","ceo","channel","users","janata","launched","mobile","network","services","platform","video","fm","marketing","development","bharatiya","system","inc","market","access","information","project","internet","content","systems","developed","open","product","investment","web","computer","industry","owned","user","brand","firm","games","available","global","gameplay","microsoft","google","magazine","co","program","station","player","using","exchange","bank","design","newspaper","code","application","financial","partners","provides","html","announced","acquired","funding","facebook","corporation","stock","tv","windows","real","programming","founder","billion","solutions","customers","ltd","corporate","players","capital","broadcasting","investors","technologies","features","uk","created","retail"
"turkish","turkey","istanbul","language","ankara","laude","linguistics","que","languages","dictionnaire","hanja","sindh","xxx","basque","goldwater","sailboats","uchicago","revista","littéraire","georgian","chișinău","mujer","finistère","belles","ni","siècle","surname","oba","tr","entre","philology","sindhi","ffu","spor","qom","con","masculine","xx","garza","voz","vasco","iti","langue","keeffe","irfan","tus","chaumont","specialises","sobre","ti","trois","suffix","eskişehir","goddard","dialect","coll","ley","kanta","dictionary","galician","garonne","kh","pocock","bibliothèque","gq","jillian","atatürk","mala","jd","navarre","valletta","chanson","tu","jesús","deaf","nusrat","cultura","jj","rioja","rsa","emre","collie","arslan","chp","localities","fundación","io","linguistic","dialects","anatolian","anatolia","leyla","geek","boku","mum","szabó","frères","voltaire","ao","bursa"
"son","daughter","married","fresno","king","sir","count","prince","atlético","og","fl","aarhus","danish","sous","superliga","norwegian","duke","princess","royal","queen","drexel","lord","sainte","baron","wife","knight","yoo","henry","seine","william","denmark","brother","bock","saint","father","bois","chapelle","archdiocese","noble","charles","earl","iii","eldest","baronet","lady","laurent","appointed","château","copenhagen","succeeded","pont","charente","anna","lucie","seat","olav","thomas","gruyter","anne","iv","marriage","stanislaus","hugh","clement","elizabeth","spouse","agnes","racine","heir","robert","parliament","clermont","sons","hilda","beatriz","chao","children","inherited","edward","olga","frederik","monarchs","sister","reinhold","calle","françoise","duchess","masthead","armee","nobleman","sophie","landwehr","richard","george","godfrey","catherine","pius","nd","consort","surname"
"bulgarian","romanian","bulgaria","romania","sofia","plovdiv","senegalese","kaya","moldova","bor","vandal","ballarat","sibiu","transylvania","rhône","valencian","varna","botev","savoie","vienne","negeri","bogdan","razgrad","kk","kot","sama","elche","sills","myles","cara","schoolboy","balearic","rté","kern","tarnovo","popmatters","kya","ucd","dakar","sextet","dimitrov","fran","bárbara","surf","marques","veliko","alicante","cu","wissenschaften","isère","lind","tek","dispensary","miroslav","partido","bri","glynn","stara","vladimirovich","dum","surfing","celta","alba","archivist","kemper","zadar","zagora","buri","nelly","prešov","moldavia","volga","brașov","vodacom","noi","sokol","airtel","pontus","unni","todorov","blaise","herzliya","clap","hedgehog","scythian","henning","barrio","svenska","patronymic","pros","ficus","divisione","stroll","casa","bharti","angolan","teja","placer","télévision","snl"
"alaska","gabled","waterfall","slate","trout","cdp","wyoming","mountain","caledonia","joseon","doorway","vermont","montana","summit","bullhead","glacier","bahn","marginal","pleistocene","freiburg","ccc","perch","im","peak","alpine","hamburg","keyserling","mount","bobcats","utah","biogeographic","günter","rhine","salmon","climbing","colliery","rockhampton","guam","butte","mountains","bonn","sulawesi","rhineland","smallmouth","eurocup","düsseldorf","alps","bethel","becky","borough","rhein","navajo","stripes","nevada","heinz","blyth","comers","jena","stuttgart","westphalia","mountaineers","dakota","aude","landtag","anchorage","schleswig","sonja","valdez","montane","massif","streaks","cenozoic","myung","entomological","willamette","inlet","rhododendron","cove","classifies","taunus","calcareous","climb","chemnitz","peaks","palmyra","platte","pickerel","kiel","guzman","medan","cdu","markings","duisburg","klaus","gabriele","aru","mountaineering","barclay","bochum","glacial"
"hong","china","chinese","kong","thailand","li","taiwan","korea","korean","thai","kim","singapore","beijing","zhang","bangkok","taipei","jung","malaysia","shanghai","lee","yu","liu","vietnam","myanmar","ho","nepal","asia","indonesia","lu","asian","seoul","nepalese","chiang","cambodia","qing","burma","sumatra","borneo","brunei","jiang","tete","indonesian","mongolia","nz","province","lumpur","yan","tai","vietnamese","peninsular","jharkhand","ah","mai","laos","kuala","yen","macron","gao","mongolian","shi","jing","shan","japanese","internship","japan","otago","malaya","kathmandu","cho","dynasty","dunedin","southland","phra","openstreetmap","wai","burmese","henan","philippines","southeast","xia","ha","fujian","lan","sino","hebei","po","dae","odham","khmer","suva","bo","cambodian","yee","pr","tung","bali","communist","tibetan","hyphae","bhutan"
"army","regiment","navy","division","infantry","ship","military","corps","brigade","command","air","commander","naval","battalion","battle","lieutenant","force","artillery","ships","lst","officer","colonel","royal","squadron","forces","boat","scout","nd","rifle","captain","aircraft","class","unit","vessel","guns","gun","staff","rd","esperance","medal","training","fleet","admiral","cavalry","officers","commissioned","crew","hms","marine","tank","promoted","citations","operation","operations","guard","commanded","armed","defence","hull","transferred","chief","submarine","troops","vessels","assigned","awarded","launched","duty","fought","lil","defense","sea","combat","units","campeonato","guards","sailing","rank","fire","french","base","battery","patrol","commanding","coast","enlisted","german","civil","fort","men","port","steeplechase","ss","maritime","soldiers","captured","wounded","brigadier","headquarters","reserve"
"rao","telugu","tamil","andhra","pradesh","chennai","nadu","karnataka","kannada","prasad","marathi","vijayawada","gonzález","indian","mysore","hyderabad","godavari","telangana","playback","odisha","jiabao","reddy","verdean","madras","hindi","prakash","bhatnagar","nee","tallinn","thapa","narayana","india","nuncio","crore","raju","javelin","suresh","jikki","janaki","nageswara","eluru","ramírez","bala","raith","weightlifter","wen","campos","ekaterina","surya","aagpbl","holm","akkineni","krishna","chhattisgarh","cristina","nicolás","ghantasala","kristensen","erika","pillai","iit","backstroke","parishad","snooker","badminton","sagar","sara","rama","mormon","artem","diff","manoj","pandit","zimbabwean","jozef","govindarajan","hyo","orne","evansville","kumara","townland","srinivas","maia","hails","grigory","colgate","visakhapatnam","jana","lina","galina","karthik","hyuk","monika","abuja","escobar","naidu","guntur","manly","emerton","harare"
"download","pts","remix","lin","taiwanese","rapper","wu","eps","tcr","chang","def","itunes","nhl","ming","punk","mei","chung","panthers","chan","analytics","wei","yang","certifications","jin","yi","tang","fallon","tan","nan","fu","bao","devils","booklist","genie","liang","taiwan","tsai","москва","cha","chin","hardcore","nashville","shu","pim","knoxville","daria","github","mtv","rappers","yin","vk","ware","synths","chow","woo","downloads","campground","soul","cassette","aus","ji","luo","mandarin","sonic","dodge","kai","panda","cz","lo","más","blaine","zhen","kamen","mca","funk","mayfair","loomis","kung","foo","teaser","beast","hung","anthologies","weird","tavern","tao","iot","ain","anthology","landon","zhi","soy","bfa","pak","streaming","mic","zimmerman","novella","tobin","pei"
"blues","food","restaurant","blackish","mixtape","inhabits","laterite","chef","wine","wong","cuisine","gallimard","meat","trumpeter","pepper","milk","cooking","dish","hawaiian","canyon","gravelly","chocolate","elvis","myrtle","dishes","ellington","chicken","restaurants","arranger","rice","ranch","soup","presley","lam","buddy","sauce","cheese","dog","cake","ingredients","foods","plains","kitchen","fish","sweet","recipes","cream","markings","rv","cat","wunderlich","gershwin","chia","culinary","purple","fried","sugar","bread","dogs","juice","animal","oblique","animals","cats","rodgers","soul","harlem","cherry","thread","log","cookbook","rainbow","pork","largemouth","flour","recipe","beef","soho","maru","beans","curry","hines","butter","fifths","chefs","drink","sonny","potato","prepared","pizza","bassist","wash","disc","traditional","irregularly","drake","taste","cooked","vegetables","rum"
"village","population","district","reorganisation","census","island","km","administrative","municipality","india","villages","consists","effect","division","islands","verde","seat","nearest","region","cape","river","reserve","borders","literacy","airport","town","per","province","praia","came","forest","oblast","females","average","demographics","males","lighthouse","geography","northern","created","away","sea","workers","kazakhstan","lake","ukraine","acacia","unincorporated","southern","park","situated","according","mountain","rate","land","armenia","eastern","road","papua","capital","ratio","station","settlement","guinea","border","peninsula","hibernian","coast","zone","representative","partly","western","community","block","municipalities","climate","sex","fiji","atlantic","sustainable","whorls","rural","bay","tribe","location","whorl","male","lies","protected","greenland","kilometers","natural","forests","inhabitants","municipal","houses","ribeira","antarctic","transport","meters"
"czech","freestyle","prague","heats","colspan","weightlifting","consecrators","ref","consecrator","slovak","medals","czechoslovakia","spartak","czechoslovak","iihf","republic","petr","skater","mediacorp","slovakia","judo","breaststroke","inseason","bantamweight","kickboxing","inseries","sounders","cadastral","lbs","pavel","eintracht","ktm","bohemia","kyrgyzstan","mclaren","taichung","chu","michelin","cossacks","josef","buttresses","ding","smolensk","taekwondo","suzuki","rx","hus","lai","praha","tainan","sabre","jasmine","batten","igor","shevchenko","mariya","aas","kyrgyz","siberian","shui","ukrainians","muay","struts","plzeň","adac","kasper","gladys","severin","moravia","foil","bmw","barbora","turkic","tomáš","spartanburg","novosibirsk","alston","oksana","boi","osh","waldron","tatar","zeng","ladislav","mancuso","dash","yekaterinburg","khas","kateřina","scarborough","moravian","rotax","nad","montoya","sverdlovsk","ringo","masaryk","mazda","popescu","eur"
"india","indian","bangladesh","singh","sri","khan","pakistan","bengal","tamil","delhi","ali","kumar","kapurthala","raj","shah","lankan","tehsil","dhaka","badminton","bengali","raja","iran","lanka","mumbai","assam","mohammad","iranian","abdul","ahmed","ram","nagar","caste","drama","pakistani","panchayati","rahman","nepal","bangladeshi","bihar","ahmad","hindu","guru","urdu","calcutta","tehran","muhammad","krishna","mohan","seo","hassan","chandra","district","sheikh","ravi","estádio","lahore","karachi","shankar","village","yoon","sunil","chittagong","islam","bahadur","odi","rajput","tae","persian","gandhi","das","sung","sultanpur","kyung","hussain","radha","syed","kamal","hye","gupta","mukherjee","chowdhury","jain","sultan","subdistrict","ismail","shaheed","hasan","sergey","lyrics","ceylon","vijaya","safavid","baba","hossain","padma","serial","muslim","al","roy","sai"
"krishnan","circulation","setter","reelection","gubernatorial","farmstead","lemmon","coins","tipperary","chatham","az","coin","melton","anu","sheldon","sinn","llp","wicklow","footpath","yamaguchi","paralympian","pounder","qe","preachers","docs","donegal","banco","winthrop","welch","coinage","tweets","fiona","quinnipiac","elsie","volker","kwang","adrienne","prudential","hogg","hilarious","kartli","marcella","donnelly","tonbridge","higgins","doorways","cerambycidae","connolly","armagh","quarried","whitley","keating","bl","ishii","kidd","conway","mittal","mischa","garg","nomination","calabar","smyth","prog","modèle","lae","laa","hm","caceres","pevsner","féin","abingdon","arman","banknote","banknotes","tyrone","imm","eastenders","maritimes","dole","hyland","geospatial","hailey","jewell","nishikawa","minted","plank","jarrett","hiatt","folie","clapham","adolphus","lenders","guerilla","kwara","cate","trusses","loh","malawian","bacchus","mervyn"
"peakposition","philippines","philippine","ji","manila","filipino","hyun","oricon","skating","barcelona","kang","jin","champ","gma","mastering","purdue","natalia","telenovela","skate","cbn","catalan","chekhov","brava","romanov","rostov","charted","shin","furlongs","isu","ok","esports","snep","certifications","dong","bolsheviks","catalonia","reissue","olga","fimi","duterte","idol","valentina","lim","davao","perez","bonus","cebu","una","chong","purba","vega","garcia","kampung","hsu","medalist","karate","mindanao","aguilar","sm","nam","imran","pilipinas","luna","montevideo","exo","seong","lenin","palawan","rsfsr","allmusic","nino","hae","moro","ryu","zamora","alexei","ki","jalisco","tatiana","palau","novice","palmas","jun","hun","ramon","reus","rojas","kumite","creighton","paco","lista","ara","lleida","abubakar","cossack","goodreads","promo","nellie","ernesto","alexandr"
"cricket","orchid","cricketer","gable","class","matches","match","wellington","innings","wickets","batsman","bowling","fivb","tuber","councillors","runs","bowler","racecourse","wicket","jackets","darlington","zealand","australia","councillor","ward","tasmania","icc","warne","batting","pageant","mayoral","mcc","handed","colombo","test","sanath","overs","bracketed","scored","sashes","tasmanian","ground","indies","brexit","stoke","kilburn","councilor","transponders","perth","queensland","sri","zimbabwe","balls","captained","clydebank","unplaced","bendigo","xi","lanka","ranji","leeds","marylebone","shandong","liaoning","fina","wingers","buzzfeed","canberra","cricketarchive","england","yuki","cricketers","selectors","cricinfo","erode","gladiators","aubin","ukip","dem","roofed","kilkenny","sheffield","hobart","australian","fillies","stela","sentai","centuries","cheltenham","nui","reece","bat","bowled","susie","gippsland","espncricinfo","mep","ku","milne","derby"
"canadian","canada","toronto","ontario","quebec","vancouver","pld","curling","montreal","alberta","ecoregion","provincial","auckland","ottawa","calgary","scotia","saskatchewan","christchurch","perera","pond","nova","greyhound","columbia","manitoba","mla","shipyard","winnipeg","keel","hartford","edmonton","middlesex","wfc","hurricanes","cbc","canterbury","barnet","softball","guria","wac","burlington","dragonflies","belize","prairie","borough","mustered","berkshire","rfu","hiking","township","cbe","springfield","liège","waterloo","brunswick","juno","netball","cn","scrum","canoe","amalgamated","boma","akwa","telemark","obliquely","hamilton","maple","nave","moose","inuit","waikato","cp","muskegon","ibom","yukon","dorset","peterborough","lac","electorate","jacky","migos","semicircular","fulham","friars","bison","jamaica","eton","unwin","cummings","foundry","vernon","hare","titleholder","canadians","fiu","llb","stables","blog","christi","aboriginal","honours"
"italianate","yorkshire","durham","essex","england","kent","welsh","somerset","farmhouse","manor","sheffield","wales","suffolk","surrey","devon","frse","falkirk","gloucestershire","oxford","exeter","reeve","cornwall","sussex","nave","arched","borough","cambridge","worcestershire","leicestershire","nottinghamshire","lancashire","northumberland","london","norfolk","tudor","octagonal","shed","cheshire","liverpool","coventry","lincolnshire","sssi","bedfordshire","abkhazia","kirkby","gloucester","oxfordshire","worcester","westminster","plymouth","portsmouth","colchester","priory","highlanders","krasnodar","sunderland","midland","lodge","calais","bath","rouen","wiltshire","ely","tyne","bromley","birmingham","fribourg","manchester","buckingham","wg","vernacular","eocene","woolwich","dockyard","launceston","cornish","wight","mansion","mathilde","canterbury","fen","willoughby","bedford","buckinghamshire","saarbrücken","thames","ripon","independents","twickenham","attaché","combe","fils","browne","weston","whitby","educated","pembroke","carcassonne","landowner","hatfield"
"tournament","football","championships","championship","basketball","women","games","coach","round","player","ncaa","league","men","rugby","teams","conference","event","points","division","cup","kg","record","nfl","competed","professional","stadium","finished","draw","junior","racing","players","head","winner","game","win","represented","race","schedule","baseball","champion","results","medal","hockey","champions","finals","overall","runner","olympics","draft","tour","club","sports","european","competition","score","match","senior","metres","bronze","play","events","yards","title","summer","nd","challenge","gold","rd","ranking","opponents","prix","regular","wins","olympic","result","athletics","silver","vs","grand","athlete","indoor","stage","athletic","field","doubles","playing","qualified","fiba","big","opponent","california","michigan","lost","ice","seeds","signed","fourth","roster","golf","winning"
"church","bishop","catholic","diocese","roman","priest","cathedral","pope","archbishop","parish","ordained","papacy","chapel","consecrated","appointed","saint","archdeacon","apostolic","holy","cardinal","episcopal","vicar","churches","monastery","chaplain","anglican","auxiliary","abbey","baptist","congregation","mary","religious","seminary","rector","theological","bishops","christ","catholicism","organ","christian","theology","missionary","biography","latin","saints","paul","convent","jesus","orthodox","lady","methodist","jeremiah","virgin","basilica","deacon","our","educated","trinity","altar","ecclesiastical","forster","dedicated","co","presbyterian","hingham","rite","serving","canon","blessed","mission","abbot","temple","diocesan","johor","principal","joseph","bible","viii","francis","evangelical","rome","synod","england","metropolitan","peter","benedict","choir","pastoral","lutheran","antonio","building","worship","priesthood","priests","present","augustine","beatification","dioceses","innocent","provost"
"allmusic","hee","termen","subsp","bests","criminology","formats","roach","hayes","ryukyu","fungus","val","goble","yun","matadors","seok","fordham","tinged","tucker","ping","raney","gillespie","tha","nanjing","rca","griswold","richie","pitchfork","mcfarlane","synthesizer","jeong","mick","download","burrell","simmons","barney","heaths","brewster","bong","doo","mccormick","nance","carmel","mandy","koch","rubio","bimonthly","cohn","snoop","vimeo","sedge","gabrielle","burnett","bonus","zhong","originals","phoebe","kalamazoo","stokes","haley","mathias","lockwood","frost","shrub","bradshaw","ingrid","jayne","cornelia","jakub","cohen","hardie","bower","gong","macfarlane","wendy","wale","beaulieu","bloomberg","natalie","bournemouth","arnaud","mccartney","elm","mitch","sloane","howell","tristano","moran","jagger","maur","zoot","fleetwood","carnarvon","hubbard","plos","spence","jk","brock","ref","moor"
"building","historic","register","river","listed","park","street","places","road","buildings","lake","creek","district","bridge","site","missouri","brick","roof","route","story","tower","town","stone","construction","highway","hotel","style","community","hall","revival","contributing","center","side","property","floor","land","windows","bay","designed","water","office","hill","constructed","architecture","valley","square","architect","opened","structure","iowa","church","village","houses","avenue","central","stream","farm","railroad","wood","grade","front","bank","station","entrance","established","library","residential","mill","location","feet","forest","jpg","heritage","owned","features","frame","trail","centre","miles","bays","dam","post","added","fire","closed","corner","commercial","estate","northern","southern","western","access","limestone","architectural","situated","complex","subdivision","originally","tributary","concrete"
