"hm","first","horse","bear","cat","dat","bird","pretend","comes","bunny","duck","kitty","mouse","cold","throw","cow","lion","bug","pig","puppy","card","elephant","animal","sheep","left","frog","bugs","lets","nine","monkey","tiger","trees","wonder","turtle","turkey","worms","barn","teddy","da","giraffe","number","owl","bee","tank","butterfly","ant","credit","carry","zebra","donkey","deer","dig","wolf","goose","squirrel","alligator","rooster","lamb","flip","pony","mickey","penguin","quiet","feeling","chicken","fish","town","laugh","dog","hen","jumps","moose","statue","beetle","hitting","bailey","cactus","squirrels","panda","lawn","concentrate","dolls","neigh","daycare","walls","koala","brain"
"know","come","last","great","night","truck","tractor","train","bus","boat","week","eater","paint","pay","airplane","visit","motorcycle","falls","telling","girls","stroller","wall","bicycle","helicopter","sled","heart","yard","safe","boxes","trunk","car","niagara","mail","tricycle","size","fixing","finding","lying","ghost","wind","chance","pajamas","island","tow","guitar","diving","erica","information","digging","dessert","fill","ringing","army","cody","parents","exercise","neighbors","rainbows","steal","icecream","alarm","tells","mac","spring","llamas","ambulance"
"look","book","find","story","game","ball","dinosaurs","toy","getting","ate","place","puzzle","present","stop","chalk","likes","grass","balloon","doll","kinds","trick","sticker","block","true","glue","stickers","knows","crayon","bubble","win","tall","shape","pencil","tent","pen","ruff","player","shows","puppies","bat","gun","showing","goofy","god","glad","log","trucks","sat","mustache","spills","spit","beard","stack","yoga","mow","sweetheart","oscar","tom","knocks","instruments","dick","third","promise","marbles","splinter","sparkles","tear","bedtime","musical","bent","boogies","policeman","gobble","preschool"
"car","water","fish","milk","green","food","thought","yellow","candy","ice","orange","cake","chocolate","top","drink","pick","talking","meat","sleeping","jump","chicken","end","cheese","pizza","sandwich","pumpkin","bread","check","cookie","egg","jelly","halloween","apple","colors","french","butter","pop","banana","fries","stairs","popcorn","potato","sticks","best","soup","eaters","gum","toast","cereal","strawberry","corn","jello","spaghetti","coffee","standing","hamburger","pea","carrot","grape","nut","salt","sugar","easter","tuna","supper","drinking","nest","donut","popsicle","giving","sauce","pretzel","angel","melon","lollipop","soda","yogurt","pancake","raisin","saturday","pickle","vanilla","cracker","muffin","noodle","bean","vitamin","cheerio","applesauce","pudding","goo","cole"
"people","mm","spider","momma","monster","cut","shirt","fix","dogs","enough","dress","grab","button","cats","lost","putting","potter","line","eats","short","shoe","coat","diaper","necklace","dead","sock","belly","press","glove","family","bead","bump","puppet","bat","mice","jacket","sweater","papa","pigs","buddy","football","belt","boot","milkshake","pets","zipper","slipper","drove","bib","mix","thomas","scarf","mitten","pant","pajama","sneaker","jean","snowsuit","beds","webs","case","perfect","mush","peter","dolphin","cakes","rules","scissors","fifty","bacon","sewing","scares","candle","power","shorts","thumb","pit","scooter"
"going","dog","head","says","hair","hand","bit","hurt","inside","nose","face","stay","mouth","wants","feet","doggie","eye","side","arm","six","bottom","leg","finger","nap","tummy","holding","running","bowling","poor","cover","kick","ear","tooth","tongue","chin","meow","ears","mountain","cinderella","lip","hurts","knee","toe","zero","friendly","fence","answer","pulling","snakes","wipe","shoulder","kill","dose","bone","cheek","scratch","penis","punch","buck","ankle","vagina","buttock","prize","fur","pins","pinch","counting","chip","poke","ink","seeing","plug","juggling","wiggle","fin","rash","invite","storm","blowing","patch","nighttime","afternoon","artist"
"good","house","money","picture","girl","tape","mom","idea","paper","catch","light","set","drive","blanket","sounds","plant","pillow","bottle","hammer","bowl","soap","garbage","cup","basket","medicine","plate","brush","telephone","tissue","mop","driving","purse","santa","bucket","keys","broom","glass","towel","vacuum","spoon","comb","farmer","knife","camera","drew","cost","fork","nail","clock","lock","radio","takes","toothbrush","napkin","lamp","hotdogs","penny","machine","recorder","jar","dish","wrap","kleenex","trash","coloring","tray","box","walker","watch","fairy","match","scrub","saves","float","octopus","quarters","wrapping","washing","clip","rat","chest","chute","rule","taping","desk","hammers","roman","washer","godmother","sucking","hearing","pinball","dip"
"one","wait","blue","read","room","door","hat","black","minute","bathtub","potty","kitchen","couch","window","front","second","bathroom","sink","bench","chair","refrigerator","garage","pin","oven","shower","closet","drawer","crib","living","stove","porch","basement","pie","bedroom","table","order","metal","dryer","sofa","stair","apples","bed","clues","sides","neighbor","figure","uses","monday","prince","stays","cherry","pail","carpet","favorites","opening","blues","cabinet","hippo","sheet","cupcake","oranges","blank","month","center","cart","sec","meteor","persons","sip","runner","microwave"
"put","thing","red","fell","favorite","slide","stick","tree","ring","guess","pool","snow","pull","rock","sun","tv","sky","star","sandbox","street","flower","moon","arms","rain","swing","ladder","fingers","leaves","garden","snowman","middle","magic","map","ants","buying","helmet","cradle","toes","groceries","markers","sidewalk","backyard","sesame","parts","stone","pile","hose","flag","holiday","cloud","wars","shovel","beads","jungle","leash","carrots","dots","strawberries","rectangle","list","napkins","cliff","starting","cement","skinny","bees","yea","twinkle","spread","pose","duncan","learning","sore","self","sting","needle","seed","cap","flags","following","branch","lilo","clear"
"see","want","mommy","school","movie","use","store","work","party","job","found","farm","park","beach","zoo","pink","start","camping","feed","circus","letters","tonight","numbers","cows","country","woods","ground","playground","ha","van","downtown","trains","beans","puzzles","house","outside","grocery","aquarium","chips","jenny","sir","wa","fold","camp","toaster","theater","sculptures","theaters","sharks","amusement","ballet","data","nursery","pacifier","choice","auntie","beethoven","sets","spikes","lighthouse","buses","favors","lipstick","owner","pierre","presidents","seller"
"take","two","mean","three","hello","hi","ride","grandma","grandpa","friend","old","child","doctor","boo","person","lady","pet","sister","fire","break","bike","teacher","key","dinner","rest","doggy","brother","hop","year","times","police","wagon","hundred","full","clown","class","scare","cowboy","fireman","aunt","treat","babysitter","nurse","ninety","uncle","tortoise","people","man","mailman","born","years","baby","girl","daddy","mommy","lines","boy","pages","cave","mall","plates","bounce","corner","crazy","cooking","snap","tissues","engine","suit","gee","zebras","plays","triceratops","sisters","brothers","yellows","tires","training","practice","dale"
"roman","us","birthday","bath","table","box","mine","pictures","friends","juice","karen","floor","drawing","seven","walking","taking","bears","names","worm","teach","meet","dragon","la","kiss","spots","chairs","thirty","picnic","beep","poop","quack","jesus","crab","friday","stripes","climbing","doggies","ho","tomato","takin","mister","reason","hearts","birdie","nuts","gross","teachers","breaking","tub","hunt","hour","leaving","screen","pancakes","percy","ideas","brownies","hall","john","syrup","quarter","switch","freezer","robots","litter","parties","heaven"
"daddy","draw","today","saw","nothing","lot","outside","purple","flying","spiders","small","robot","climb","words","dark","fits","presents","wheels","bones","uma","space","heavy","mr","hospital","monkeys","salad","york","boots","lights","problem","chalkboard","fruit","candies","beginning","loves","scream","frogs","snail","type","pops","tool","group","painting","sort","mummy","dirt","jones","lime","tick","bites","blood","spencer","bats","date","touching","ca","coin","captain","ray","duckbill","bleeding","bank","dew","andrew","sense","seals","shuttle","tables","towers","ginger","son"
"talk","part","sleep","real","ones","yesterday","needs","cream","bag","piece","rocks","couple","thanks","lunch","summer","question","crying","boys","twenty","high","lay","works","cry","seat","sweetie","riding","hang","fighting","grapes","flowers","hotel","twelve","investigator","rope","questions","matter","sully","trouble","world","bunnies","weeks","holes","colored","thinks","surprise","taste","sale","lincoln","fishes","picking","half","turns","disease","frosting","marker","longer","eleven","peas","slides","secret","joseph","tyrannosaurus","waterfall","nineteen","kite","cassandra","alley","luna","stool","dale","wrench"
"get","tell","things","give","dinosaur","white","move","eggs","teeth","swim","wet","cook","pieces","bite","road","hint","round","quick","plants","seeds","sell","lives","hug","drop","rides","marshmallows","peanut","furniture","lap","forty","stomach","woof","gray","die","heads","growing","coins","dentist","chase","age","ferry","hurry","chimney","shell","smoke","tornado","commercial","peach","bush","aisle","rhinoceros","turkeys","spaceship","tractors","price","hats","laundry","closer","goal","scar","sandwiches","tries","river","knocking","jordan","ceiling","rub","safety","gives","hive","stamp","whip","vermont","holy"
"time","try","four","man","close","makes","morning","care","song","super","breakfast","bunch","wake","bob","hope","air","square","plane","body","rabbit","neck","goodbye","builder","excuse","waiting","pee","flies","boom","dancing","pot","ew","band","walks","cleanup","empty","infinity","cousin","brontosaurus","wish","father","cutting","calls","zoom","mark","bother","shake","rubber","president","puppets","fair","plastic","ducky","bodies","spray","whales","scratching","hamster","bricks","roosters","silver","th","tough","roman","bottles","rings","swims","broccoli","farmers","ribbon"
"goes","looks","watch","funny","eyes","bye","fit","erin","looking","chair","sound","someone","saying","far","noise","sitting","foot","mother","roar","jumping","scan","days","toilet","bubbles","tie","dollar","smile","starts","hook","makin","spot","jellyfish","snack","rolling","keeps","regular","pumpkins","winter","turning","puts","gold","ship","noises","helps","track","sponge","bar","squeak","bow","caterpillar","attention","race","writing","shining","smiling","cries","watering","parent","chicago","diapers","shop","closing","mushroom","waking","lift","stink","tube","wife","knot","shoots","state","li"
"oh","color","buy","day","fun","five","honey","dollars","means","cards","microphone","dear","balloons","pocket","cleaning","shot","cents","wee","pterodactyl","mind","lobster","news","costs","row","hulk","rough","pockets","cartoons","crabs","shirts","florida","thousand","suck","problems","matches","daughter","lemon","feather","pa","piano","ashes","valentine","smells","turtles","heavens","ponytail","roaring","hugging","hap","boogers","kayak","babe","none","jordan","clowns","clap","footprints","tracks","whiskers","factory","holder","lovely","parlor","business","brownie","claw"
"make","bed","shark","gets","monsters","sand","hiding","web","knock","mud","inc","sharks","music","giant","eight","mama","glasses","fight","rainbow","chickens","wool","fat","lions","bridge","nobody","sunday","elephants","skin","ba","sword","butt","using","tickle","porcupine","berries","jordan","flashlight","office","witch","tigers","spin","talks","hurting","umbrella","mirror","sleeps","diesel","eraser","cross","costume","david","elevator","dust","castle","tunnel","troll","chick","macaroni","flat","restaurant","skating","twins","joshua","plan","bell","cups","stepmother","daisy","sign","ladybug","deep","recording","diver","goats","doughnut","forest","sting","wilson","sneakers","squeeze","tweet"
"back","animals","coming","sick","run","james","happening","bet","blow","word","shoes","hole","museum","trip","matthew","buttons","horses","fine","roll","socks","minutes","wearing","wood","scorpion","king","pack","ducks","roof","sea","splash","rescue","course","parade","smell","crawl","hanging","feels","bringing","laying","tarzan","least","stars","rice","cousins","candles","michael","shells","binoculars","men","jackson","windows","art","kangaroo","hulk","drum","plenty","tails","past","vegetables","snort","mrs","mans","notice","cody","flash","lagoon","picks","twin","click","shooting","christopher","astronaut","paws","women","pulls","glitter","goat","hamburgers"
"say","show","home","let","name","hold","might","fall","better","keep","swimming","push","walk","eating","love","clean","hands","kids","hit","leave","buzz","wash","phone","upside","watching","free","birds","nina","ketchup","dry","welcome","nails","point","crash","bang","basketball","reach","dakota","camel","north","den","till","un","net","team","edge","lick","finds","fox","worry","ham","matt","rip","bumblebee","noses","plus","midnight","investigator","ge","thunder","delicious","remote","conversation","pickles","ss","wi","granny","mosquito","sunshine","ron","separate","company"
"like","open","turn","making","feel","build","stand","page","books","thinking","circle","snake","building","whale","clothes","mess","tower","dolly","dance","share","moo","computer","batteries","library","wheel","ta","board","gas","asking","skeleton","reading","udder","snoopy","pan","gymnastics","songs","chew","bananas","horns","ruin","liberty","doors","june","record","yell","felt","kitties","straight","particular","cherries","memory","claw","germany","dive","diamond","planes","difference","lightning","march","mouths","sharing","hotdog","goldilocks","mustard","copy","daddies","worse","evil","checks","trail","cans","jason"
"go","kind","guys","playing","hide","tail","brown","ten","upstairs","fast","crayons","cars","weekend","land","string","ocean","mike","cage","letter","voice","potatoes","vacation","children","step","movies","piggy","dough","hill","city","fishing","helping","hiking","shopping","houses","sharp","church","ding","study","sweet","pushing","listening","toronto","tools","princess","oink","ladders","kitten","lizard","valley","battery","spike","wings","magnet","extra","pole","superman","wires","container","legos","sledding","wild","bottoms","swings","nancy","return","shoot","jack","swinging","shelf","mary","cord","seek","disney","crane","chutes","add"
"baby","dis","way","guy","fly","silly","call","dad","whole","babies","christmas","dump","working","wrong","must","touch","blocks","count","lake","change","gate","kid","weird","dot","carriage","george","miss","jail","save","places","fridge","smart","thanksgiving","life","lie","opens","whoop","piglet","sarah","calling","bend","le","joke","magazine","kisses","washington","calendar","silo","gloves","decorations","feeding","states","drives","beluga","crack","swallow","jet","collection","boston","facing","batman","rocket","sneeze","hugs","tapes","fins","gargoyle","melissa","stole","broomsticks","sting","hyena"
"think","play","need","boy","help","stuff","toys","bad","de","wear","legs","cause","special","tea","tomorrow","cookies","somewhere","balls","finish","cash","register","baseball","games","ben","soccer","vroom","video","pretending","pants","stories","triangle","blankets","bags","nowhere","dream","hockey","lots","deal","circles","haircut","squares","singing","observer","blah","hay","accident","tinker","shy","shapes","sees","cough","pillows","mosquitoes","needles","guest","brave","roller","gorilla","costumes","golf","cookbook","collect","general","dreams","pairs","fort","hyenas","tons","rinse","cocoa","stem","plugs","oatmeal","area"
