"want","potato","toast","chips","wa","fold","magnets","pen","fountain","pacifier","act","bobble","travel","peoples","raincoat","meadow","duckbill","privacy","meatball","nipple","raw","scamp","splatter","paste","action","coupons","pigtail","mores","catsup"
"play","game","favorite","friend","tomorrow","baseball","games","computer","helmet","blankets","deal","group","wires","slides","yea","coin","hall","sense","dolls","invite","foods","piano","ladybugs","telephones","area","kissing","el","hoops","maps","waves","mons","peg"
"mm","bye","ate","mine","someone","far","mama","fat","fifty","spit","squish","dying","stretch","dada","sixty","steals","rochester","buses","po","beethoven","tammy","sake","boss","neighborhood","nibbles","feeds","spoonful","intro"
"put","head","child","tv","middle","jail","pile","knife","yoga","lamp","germany","seatbelt","directions","mat","dye","pushes","bib","volcanos","carving","counter","suns","squeaker","elbow","blinds","jammies","salads","mitts","chlorine","scrambles","shook","vets"
"try","hand","stick","love","juice","side","holding","apple","fingers","sky","boom","tomato","wind","grape","yellows","thunder","oranges","whispering","zip","locomotive","hills","pigtails","chimes","veg","picnics","ov","whys","dawson","meg","fruits","lighting"
"work","eyes","round","buttons","tie","bones","pin","star","wearing","gas","wars","nuts","bow","carrot","twinkle","station","hyena","sprinkles","hammers","beak","dingo","sweatshirt","covering","goldfish","wisconsin","oboe","bulbs","cooperative","bamboo","maxwell","quills","doh","counts"
"cheese","paint","museum","summer","soccer","nobody","picnic","tent","nest","ear","holes","punch","heads","deer","talks","luke","opens","diesel","age","fur","uses","past","seals","ringing","rule","goodness","taping","sprinkle","ni","antelope","month","kayak","tuck","spring","floors","waffles"
"cow","web","song","sheep","finger","bottle","socks","moo","belly","wool","ruff","beetle","skating","shy","skinny","oscar","spinning","sheeps","garfield","hammering","channel","sucks","relief","hamper","stacks","devon","roadrunner"
"dog","wants","doctor","cash","register","meet","dragon","bone","hanging","shows","binoculars","percy","nurse","horn","noses","pineapple","prizes","join","bumblebees","gift","suess","doc","hound","gargoyle","wags","misses","mavis","xylophone","spinner","traps","lucy","brownie","saving","hen","july"
"two","spider","hop","times","lives","born","puppies","lines","frogs","webs","doggies","stepmother","peas","joshua","litter","pockets","plus","sisters","brothers","giraffes","rainbows","parker","nights","cans","broomsticks","macaronis","weaver","flashes","pointer","hours","creatures","birthdays","million","rose","roses","stones","seconds","squishes","minus","farms","microscopes"
"take","might","nap","scan","basketball","thomas","bounce","goal","nighttime","spare","surprises","shoulders","hoop","choke","tire","greek","weight","covers","dun","codes","oxygen","leftovers","ages","sooner","braid","remove","slack","ponytails","juicer","potpie","blindfold","matthews"
"pretend","person","train","purple","rock","left","pink","grab","arm","couch","poor","dig","mr","safe","scratch","elevator","marker","dirt","jones","mrs","wilson","pound","graham","boston","ways","tracks","beat","hummingbird","jam","ed","terrier","sack","traffic"
"help","first","fun","chicken","special","somewhere","butter","corn","helps","marshmallow","cough","nuggets","spread","pox","harvest","campfire","broccoli","washer","sucking","donut","hearing","aid","wins","hugs","doctors","tackle","cob","coop","umbrellas","noodle","panic","sandpaper","choking","junky"
"time","dinosaur","man","yesterday","set","bottom","body","parts","soup","band","walks","cleanup","calls","tyrannosaurus","napkins","hats","collect","bleeding","bricks","swinging","young","dive","instruments","husband","sparkle","aids","grandmother","holds","outfit","pinball","chores","vegetable","pizzas","baker","rex","dweller"
"school","bird","eating","kids","grass","circle","whale","driving","telling","sunday","hotdogs","lettuce","dentist","sponge","hitting","fireman","pancakes","parent","classes","beast","hose","preschool","crocodile","nursery","feeder","skate","seagull","seesaw","law","draws","dawson","roadrunner","guests","tales","uniform","ferret","crafts","arts"
"fish","blue","sick","light","stop","eye","pumpkin","true","knows","tank","elephants","sea","ding","oven","god","spike","aquarium","shake","washing","puppets","shirts","african","self","tadpoles","pies","tear","nick","tennis","policeman","dong","prayer","answers","olympics","molly","sweaters"
"milk","hi","hurt","job","boo","drink","duck","fix","piece","bite","doggy","sharks","dress","finish","teach","ears","kiss","toes","beep","swing","bench","drinking","commercial","hamburger","snap","knee","accident","shapes","spaceship","sewing","silver","wears","sauce","peek","swan"
"dinosaurs","call","page","line","seat","gate","sesame","tortoise","football","thinks","pages","squares","troll","bend","stays","squirrels","pail","kitties","seeing","sweetheart","blank","helper","meets","tuba","staple","seahorse","business","marlin","possibility","marching","heron","cinnamon","triangles","bellyache","maze","express"
"oh","hole","dear","balloons","pocket","cleaning","problem","wee","mind","suck","feeding","sec","cooler","pretzels","scorpions","lord","dit","grabber","cootie","smiles","eves","timber","goody","jumpers","mallows","shucks","trumpets","shopkeeper"
"mommy","guy","dat","hat","black","glasses","wagon","drew","george","order","cups","baa","washington","pup","trap","soda","greens","bouncing","pocketbook","venom","jordan","ambush","mount","shepherd","owen","restroom","mak","background","awe","wight","tangle"
"thought","bear","candy","tree","ring","lion","bag","trees","shoes","high","cry","sticks","birds","sweetie","medicine","welcome","shoe","marshmallows","splash","reach","trouble","necklace","town","bar","trucks","cries","gee","carpet","panda","fin","tomatoes","koala","slugs","delicious","mittens","bracelet","chop","canes","yarn","eighteen","cane","peel"
"three","old","lady","teeth","ten","nine","crayons","number","cage","ninety","mickey","city","investigator","crayon","trunk","trains","years","zebra","fishes","sides","listening","circles","oink","cooking","drum","rough","poke","power","butterflies","containers","eighty","granny","turtles","purples","breaker","seventy","lobsters","strikes","fancy","license"
"store","cake","de","mouse","friends","flying","hiding","elephant","jelly","airplane","tummy","eight","ants","hurts","triangle","feeling","hurting","umbrella","mirror","grocery","kitten","helicopter","candle","christopher","rat","concentrate","knees","spirit","raccoon","spinach","microwave","beef","member","hel","roast","flyer","supplies"
"talk","real","grandma","nose","face","ice","grandpa","cream","lost","colors","button","running","press","buddy","world","smiling","kisses","blowing","cone","whip","australia","twos","passenger","german","creams","chopper"
"sleeping","babies","crying","stairs","giraffe","standing","fighting","grapes","sting","snail","cousin","lip","tissues","counting","ducky","twin","tar","triceratops","ninth","frisbee","suds","barrel","hedgehog","squirts","bull","pipes","laughs","reds","stegosaurus"
"kind","buy","silly","talking","chocolate","feel","cold","fits","count","hundred","piggy","fairy","turns","country","flat","joke","godmother","guest","chip","thumb","fill","jokes","cages","dish","pots","nature","deciding","whiskers","strike","spanish","knack","bowler","meeting","spoons","disguise"
"says","comes","doggie","question","ben","waiting","hulk","dream","princess","least","chance","joseph","sent","knocks","drives","dreams","branch","peck","stuart","planning","field","coincidence","receipt","ache","mailman","jets","parlor","carol","blows","pickle","beauty","necks","washes"
"look","tell","fall","fell","erin","needs","butt","playground","hay","waterfall","microscope","ashes","crawling","flags","clips","jordan","loop","planting","tarantulas","calf","planetarium","mot","fe","portugal","woodchuck","lambs","issues","captains","storybooks","checkbook","pretender"
"car","draw","pick","farm","chalk","wheels","police","chalkboard","clip","yell","ink","language","dick","stamp","pencils","eyeball","dip","eyeballs","connecticut","tickets","vase","dandelion","stinger","na","tracy","cliffs","waving","stephen","bin","se","sports","streamer","ti"
"roman","hello","pet","sister","cars","balloon","bob","best","la","friendly","ba","dose","tickle","quack","houses","ho","neighbor","reason","corner","squeak","sat","hamster","turkeys","wild","scares","plays","penguin","florida","ottoman","poe","moves","zipper","classroom","seats","impossible","hugging"
"one","dad","worms","worm","telephone","udder","gray","figure","wedding","matches","rinse","sunshine","alien","slipper","charge","april","fields","bes","armadillo","rider","score","ano","splatter","finishes","dawson","dame","sipper","helens"
"dogs","cats","family","mice","hospital","skeleton","pigs","york","camel","scream","pushing","cereal","cakes","rules","wrapping","basement","worry","click","calm","mouses","goats","midnight","erie","march","violin","marble","guinea","buffalo","gobble","backpack","separate","bubbly","skates","clay","powers","adam","bookshelf"
"guess","snake","da","leaves","voice","cinderella","magic","sell","purse","sword","office","match","case","log","goose","carrots","peter","cassandra","date","coach","gutter","expiration","shoots","ge","cheerios","slippers","wrist","indian","heavens","bushes","war","low","owls","post","trophy","benjamin","trunks","cobra","ireland","normal","bap"
"daddy","week","garage","shovel","chick","bottoms","aliens","silo","selling","cockatoo","remembering","splinter","jeep","bay","butts","splat","roars","lollipops","elf","cuts","jersey","sprinkling","pew","sleepover","kangaroos","trumpet","affection","male","dibble","zamboni","breakable"
"give","found","eats","road","string","credit","minutes","dry","hug","answer","peanut","jesus","berries","clues","sale","cents","mister","perfect","rice","spills","cliff","babysitter","plan","cherry","snort","paws","seek","hippo","daughter","pairs","pickles","catches","hotdog","rocket","kingdom","doubt","boring","runner","anchor","raisins"
"boy","bad","wear","morning","bugs","wake","pants","heart","shopping","feels","mark","mosquitoes","belt","mask","termites","divers","wont","mitten","task","members","puffer","dinners","marking","crier","contrary","bart"
"money","getting","means","giant","brother","tall","shape","dot","rope","die","track","saves","david","motor","battery","ruin","news","container","twins","radio","screen","whales","scratching","exercise","shoulder","sang","dolphins","laser","bent","crow","crunch","crayfish","rainforest","campsite","shack","goof","traveling","creature","billy"
"hm","brown","six","ha","dots","suit","tough","airplanes","bedroom","promise","cape","patrick","kit","bathing","howdy","earrings","alligators","biddy","stalls","concrete","roads","tusks","bravo","polka","health","critic","texas","cod","drumming","funnel","moos","glen","pant"
"make","shark","sand","sandwich","mud","music","santa","rainbow","bridge","scorpion","milkshake","goblin","jello","jack","deep","squeeze","difference","ropes","cartoon","rooms","bars","headache","morgan","tan","choice","willing","shovels","farmhouse","digger","smooth","favor","foam","missus","chimneys","piles","london"
"slide","meat","feet","blanket","pillow","rabbit","girls","pee","bucket","buck","picking","hurry","wolf","birdie","pillows","shop","backyard","driver","eel","pegs","heating","hunting","llamas","hunter","wink","banging","pees","crosses","martin","kicking"
"hold","better","buzz","fast","square","lights","friday","bringing","finding","plastic","shoot","heaven","gives","bulldozer","boogies","anger","babys","given","cheek","centipede","towels","skis","streets","begins","cue","platter","gills","equal"
"baby","thing","party","great","toy","tea","working","bears","save","surprise","tinker","pulls","hamburgers","allosaurus","planes","mouths","farmers","beluga","hate","crackers","facing","railroad","melissa","angels","stole","opera","graduation","gerbils","coo","reasons","stable","duckbills","sleigh","ducklings","pretends","dancer","main","fairies"
"people","bit","dead","wall","giving","prize","carnival","zee","bites","hour","cabin","particular","bill","mosquitos","robins","hippos","hints","visitor","focus","sofa","snip","iguanodon","slaves","eyebrow","ferret","imagination","savanna","stoop","tyler","cable","ranger","coast","platforms","tease"
"four","pig","kitchen","lunch","leg","hope","sink","hotel","woof","stripes","broomstick","collie","yam","crusts","sardines","fixes","offers","skittles","veal","slick","chili","scorpions","chalks","prosciutto","scamp","gobblers","wheelers"
"stuff","eggs","free","feed","dollar","ant","bunnies","beans","pan","disease","monday","clock","tick","rhinoceros","wrench","duckbill","andrew","fluff","kittens","alphabet","whisper","valentine","throat","waist","pretzel","alarm","tuesday","thursday","data","stew","builds","wednesday","hippopotamus","rake","dollies","nests","grounds","conference","cardinal"
"robot","heavy","brush","builder","boxes","candies","cotton","spaghetti","liberty","lime","dew","rings","needle","forehead","ends","jet","floating","unicorn","toothpaste","anthony","pipe","tramp","hairs","puck","celery","dances","giants","plaid","season"
"last","night","bathtub","saying","bunch","tiger","days","supper","eraser","bead","blah","writing","brownies","juggling","dessert","brain","buckets","parents","stem","feather","mountains","shaking","al","baths","trail","tells","burp","saber","gifts","bible","papers","squirm","ticks","fan","toby"
"animal","small","french","turkey","pack","chin","gum","father","teachers","cousins","watering","chute","john","college","army","patch","creek","catherine","scanning","burgers","lighthouse","television","holy","dalmatian","worse","noah","berry","persons","crystal","stinging","ne","edwards","dandy","lunchtime","hood","rebecca"
"birthday","girl","wrong","butterfly","holiday","tool","hearts","candles","tunnel","rachel","trampoline","baba","paintbrush","scales","ambulance","lantern","shrimp","ponies","drugstore","weavers","peacock","powder","total","fingernails","scenario","raptors","prudence","mermaids","brooms","stall","shakes","partys","grandfather","abo","zamboni"
"house","start","inc","doll","sully","motorcycle","ground","markers","carriage","ew","beginning","pterodactyl","island","lamb","porch","ladybug","glitter","ribbon","jerry","screaming","haystack","fireworks","bulb","heat","babar","sentences","bakery","howard","stitches","nibble","homework","twisting","buggy","missy"
"way","door","close","chairs","metal","opening","microphones","raptor","heading","mistake","shutters","flap","tracing","atlas","porcelain","snowflakes","blocking","quilts","bobbies","burping","tricker","vrooms","dope","ceramic","carnivore","border","locking","sacks","portugal","chalks","boner"
"go","say","bunny","upstairs","step","vroom","movies","nails","point","toronto","vermont","recording","sleeve","pat","character","grace","dunkirk","sweat","raccoons","mothers","dressing","sailing","reverse","linoleum","whack","bugses","scrambles"
"mean","karen","word","cookies","rain","bang","fridge","goofy","jungle","coffee","spill","alligator","lick","starting","notice","duncan","pit","tube","gorilla","dishes","wing","honkers","cookbook","tarantulas","speaking","rug","viaduct","flag","pluto","oval","sandals","option","cashier","sweep","search","chomp"
"open","ball","bowling","life","witch","wish","piglet","costume","freezer","slug","forest","playroom","burger","batman","players","slime","grownup","patient","pirate","moss","booth","starfish","popsicles","volcano","base","adventure","wine","gat","flaps","dos","curtains","grabber"
"green","food","ones","table","move","walking","bump","crawl","coins","plates","lizard","cross","breaking","leaf","restaurant","lessons","desk","wrestling","screw","breads","throws","setting","thread","mamma","chains","thump","recent","gobbler","fake","kidneys","thick","gobblers","sailor","fours","walker","pixies"
"james","card","rocks","hammer","cards","hook","hang","wood","dough","takes","skin","church","drawer","wings","bicycle","men","aisle","art","sled","bacon","mans","ray","women","thousand","diamond","cheetah","elizabeth","following","skiing","valentines","emmy","woman"
"know","snow","enough","chickens","lying","claws","matt","uncle","knot","clear","fridges","rick","double","characters","musk","copying","spelling","shadows","poachers","reunion","wakes","cures","hone"
"puppy","key","potter","fight","sandbox","puppet","fence","popcorn","ladder","sharp","statue","donkey","sweet","abraham","leaving","alley","switch","neigh","rabbits","caterpillars","practice","suitcase","control","mustard","chain","ro","tentacles","peekaboo","swords","hissing","sells","tickles","carnivores","timothy","llama","pokey","leader","chamber"
"good","idea","sounds","balls","machine","laying","tuna","grandmas","smells","onions","swimmer","spins","tastes","view","tarantulas","strings","festival","bookmarks","poems","roman","reasoning","fella","gravy","coexistence","talker","representation","teller"
"see","touch","cows","lions","reading","takin","sir","horns","bush","waking","crabs","river","calendar","sculptures","tops","musical","darling","coconut","raindrops","pierre","ee","trough","charles","codes","tory","model","file","bs","paintings","jay"
"come","outside","guys","yellow","swim","visit","dark","lake","tractors","ca","sidewalk","swims","afternoon","split","kelly","freezing","outs","attack","activities","pennsylvania","glow","dawson","ewe","whoosh","portugal","doofus"
"find","place","letters","helping","van","smell","crab","cody","lagoon","ladders","dolphin","bananas","squirrel","doors","kangaroo","cement","captain","closing","chest","bumblebee","cabinet","general","hopper","shadow","platypus","mixer","purpose","globe","mushrooms","twigs","burrow","breath","ramp","drawers","notes","buster","lies","reaching"
"name","nothing","present","fine","carry","kid","goodbye","jellyfish","matter","smart","sign","shampoo","lays","seed","foodie","instrument","ron","birdhouse","behavior","co","possible","manger","granola","karate","machinery","velociraptor","mailbox","bicycles","concert","lighthouses","natural"
"things","words","horses","class","coat","owl","wrap","gross","bother","stove","nut","zebras","closer","tries","problems","pasture","chutes","crane","conversation","add","equipment","test","gym","teaching","lego","antenna","dings","yogurt","jingle","amount","meal"
"red","part","hit","land","glue","seeds","buying","spot","weird","coloring","thanksgiving","taste","sarah","sort","glove","pinch","strawberries","bat","shorts","memory","learning","walls","hits","robin","squirt","cap","sunflower","daddies","evil","upset","bruce","grey","paw","lower","spank","ceilings","bi","note"
"furniture","glass","fixing","chimney","guitar","vegetables","plug","bank","goat","mo","tip","tag","whistle","ghosts","bounces","pocahontas","pu","toot","bop","coughing","dash","balcony","sweeping","arizona","mazes","ali","cavities","chalkboard"
"going","sleep","plant","kick","dance","hill","kill","winter","ham","daycare","costumes","crickets","earring","stocking","bikes","kleenex","skateboard","clowns","poster","barnyard","bud","hero","mick","mixers","tricker","sunset","barbecue","cowgirl","drummer","barracudas","pittsburgh","leo","homer","uphill","snores","growl","buds"
"chair","spiders","floor","sitting","roar","nina","bathroom","farmer","regular","puts","type","gold","whoop","ferry","valley","erica","lawn","roosters","ginger","hive","ss","melt","melon","nutcracker","wiggles","decision","fuzz","cushions","footprints","trace","shannon","butch","items","understanding"
"watch","throw","tail","building","change","garbage","board","ducks","diaper","gun","spin","nail","diving","jacket","scuba","diver","diapers","cartoons","robots","hammerhead","rash","knocking","golf","copy","notebook","pepper","ponytail","poachers","sue","rains","sheets","trash","grasshoppers","castles","ski","patty","necklaces","brontosauruses"
"animals","push","cut","phone","dump","pretending","monkeys","king","short","glad","clown","tarzan","calling","scissors","quarters","sandwiches","queen","quincy","lid","grumble","clothing","milks","acorn","sucker","somersaults","barber","pancake","branches","babysitters","danger","popping","sidewalks","ok","machines","ace","rescuer","nodes","envelope"
"goes","inside","honey","cause","sound","check","plants","cup","starts","flowers","blood","science","chicago","third","lemon","visiting","lips","collar","saint","single","waterfalls","smelling","nicholas","pearl","ticker","guarantee","measuring","shrink","parrot"
"works","microphone","half","haircut","row","price","sneakers","fireplace","clouds","toenails","boogers","none","electricity","escape","cloud","feathers","grabs","ogre","wax","diamonds","canadian","source","gat","blueberry","sniffles","load","providence","pixel","observer","headphones","blackboard","portugal"
"bug","bet","couple","twenty","lay","block","cradle","twelve","yard","weeks","climbing","chase","brontosaurus","un","jenny","le","sledding","nineteen","shooting","sixteen","son","rattle","winner","peaches","fifteen","fact","spitting","fourteen","months","tarantula","whites","doughnuts","sa","thirteen","seventeen"
"fit","top","whole","end","drawing","pay","year","crash","study","size","painting","attention","toothbrush","snitch","cupcake","neighbors","kindergarten","jason","sam","ark","landing","token","kills","lily","officer","codes","loader","shaver","opposites","nursing"
"book","dis","story","read","white","paper","sun","mike","library","spots","shining","magazine","sparkles","bedtime","collection","decoration","arthur","blower","shine","newspaper","weasel","chilly","possum","knights","scamp","compost","reaches","knight","conclusion","pilot","teller"
"picture","hair","pictures","taking","toilet","easter","pulling","comb","ship","shower","pins","longer","octopus","stepsisters","pony","doughnut","training","states","ornaments","stops","cheep","brushing","insects","tee","cart","meteor","sip","sets","bobby","knob","studying","combing","barrette"
"room","five","box","dollars","lets","ocean","mountain","living","snakes","rides","mow","theater","spout","storm","shaving","treasure","stone","center","puff","couches","hides","gram","vacuums","gi","cupboard","dining","lungs","puller","hangs","refrigerators"
"movie","mouth","hands","eater","wash","matthew","boys","cover","pop","wipe","snack","towel","camera","mustache","touching","claw","roller","mary","theaters","cloth","favors","hammock","dryer","section","anne","coaster","exit","hans","poops"
"funny","making","build","looking","uma","clothes","mess","tower","ketchup","shot","noises","ghost","castle","camp","digging","pose","wiggle","snails","wife","towers","freeze","faces","tide","fort","desert","junk","caves","panties","babe","scratches","stealing","death","earth","stripe"
"show","let","truck","clean","stickers","eaters","mail","fork","caterpillar","tow","investigator","remote","boats","icecream","chinese","plugs","buildings","forward","dock","catty","slip","screws","memorial","moons","checkers","records","oil","britches","backhoe","curl","exhaust","loading","compost","headlights","blind","sparks","christian"
"shirt","wonder","trick","turtle","teddy","dolly","numbers","wheel","poop","angel","rolling","porcupine","apples","scrub","stars","shell","mummy","michael","rubber","jackson","legos","finds","cherries","sore","firewood","pinata","mayonnaise","mac","twist","checks","fins","south","skeletons","pond","example","splashing","fleas","swish","sailboat","cleans"
"today","lot","walk","happening","thanks","presents","batteries","vacation","street","cost","fruit","mall","crib","fair","bodies","tables","mommies","warmer","tapes","village","downtown","stores","birth","afternoons","medium","plain","choices","path","filling","market","dawson","lota"
"looks","color","orange","frog","must","mother","names","quick","lock","keys","rescue","nowhere","colored","strawberry","beds","peach","superman","shortcake","ladies","plans","catching","luck","mi","styrofoam","lump","system","mudder","blouse","dragonfly","design","yelling","messes","fear","gerbil","compound","factor","pear","orangutan","stickiness","scamp"
"fly","pull","christmas","wet","bread","cookie","weekend","tonight","miss","places","saturday","lie","spencer","stool","toaster","decorations","sheet","trade","crack","swallow","donna","project","sneeze","cookbooks","astronauts","message","swatter","shade","melts","cutters","quarry","shave","burps","appointment","january","adult"
"home","keep","gets","makes","leave","noise","climb","putting","front","window","pets","keeps","puzzles","player","turning","sleeps","team","noodles","aunt","list","record","videos","runs","lightning","din","company","reef","lumps","depot","cozy","chart","sneezing","stopping","paprika","bribe","fault","maneuver","wipers"
"seven","dinner","foot","barn","teacher","thirty","pie","zero","salad","bags","flashlight","goo","rooster","race","bees","shelf","pad","artist","popsicle","cocoa","math","baking","henry","screwdriver","parking","chuck","carpenter","comic","mommys","karens","bean","student","drill","scorpions","dwarfs"
"mom","swimming","catch","hide","pool","park","pieces","upside","letter","flip","sugar","using","mix","forty","bubble","snoopy","cave","den","till","dale","frosting","bats","amusement","rich","spell","tickling","oatmeal","semicircle","handle","lollipop","stir","grownups","tay","dreaming","jurassic","flops","snowflake","bait","pools","pleasure","climbs"
"horse","drive","blow","monkey","jumping","air","plane","moon","neck","excuse","flies","roof","dancing","course","garden","laugh","snowman","jumps","gymnastics","empty","woods","luna","drinks","windows","june","lava","tails","tweet","gloves","boot","cheeks","safari","roaring","mon","chased","chi","robert","points","raft","peep","weather"
"like","beach","thinking","breakfast","fries","banana","asking","broom","questions","parade","pumpkins","vacuum","songs","chew","pajamas","lobster","cactus","flash","parties","felt","straight","astronaut","scoop","napkin","stands","shots","sponges","cleaner","skirt","jaws","mastodon","pulp","pep","ar","shouting","ban","planets","motel","joy","makeup"
"break","cook","blocks","egg","drop","boots","hiking","grill","beads","cutting","eleven","magnet","macaroni","hunt","secret","cowboy","costs","picks","mushroom","scar","blues","hyenas","married","alaska","hike","lilo","jimmy","mosquito","max","leap","poison"
"cat","monster","kitty","stand","pizza","likes","halloween","meow","share","basket","smile","papa","bee","refrigerator","tongue","showing","closet","pea","salt","fox","syrup","lizards","penny","beer","porridge","sharing","muffins","siamese","hut","flick","treats","raisin","airport"
"need","toys","stay","bowl","potatoes","space","makin","tissue","spoon","lots","float","mush","observer","plenty","charlotte","quarter","shuttle","breaks","jar","knives","tons","straw","auntie","nigger","reads","temperature","mold","refresher","dial","investigator","probe","pro"
"get","water","turn","puzzle","mop","lap","net","toe","laundry","th","ceiling","rub","dollhouse","teapot","leashes","washcloth","twirl","germs","level","stream","gown","peeps","speed","dub","luggage","operator","zippers","moccasin"
"day","bath","legs","care","arms","bubbles","flower","treat","president","lincoln","growing","tornado","tub","kite","swings","state","marbles","confetti","summertime","sunflowers","voices","lovely","doe","lipstick","style","ra","sleeves","grand","petals"
"us","saw","fire","zoo","hint","falls","plate","map","scare","circus","jordan","drove","niagara","leash","dust","edge","engine","needles","ideas","return","rip","tom","taylor","dice","ala","wi","reptile","forks","snacks","spraying","sinks","firefly","keeping","lean","wizard","fisher","eskimos","blink"
"use","tape","ride","jump","boat","bike","soap","children","video","fishing","recorder","pot","dakota","loves","north","stroller","infinity","shells","pole","lift","cord","slave","tires","safety","reindeer","paints","mixing","fa","sail","loo","jordan","spiral","jumper","seatbelts","american","scotch","seagulls","collecting"
"momma","tractor","books","knock","super","potty","kinds","stories","groceries","quiet","tigers","bailey","zoom","extra","prince","rectangle","disney","nancy","bell","stink","mummies","bottles","indians","li","vote","goldilocks","steal","nay","wire","hooks","cowboys","ballet","logs","yak"
"think","playing","rest","sock","hockey","singing","pencil","sees","terms","information","brave","favorites","pa","crown","families","bark","steps","acorns","settle","snowball","squash","musics","ribbons","trenton","stingray","tint","sally","tests"
"back","coming","monsters","run","bus","trip","roll","camping","riding","full","stomach","sweater","scooter","california","dumping","hiccups","forth","shore","passengers","hooking","posy","dresses","tricks","collars","glenn","scrubs","stuffing","cro","wristwatch","scamp","leopards"
"wait","bed","minute","watching","second","sticker","win","ta","tooth","tools","pops","smoke","crazy","spray","beard","stack","daisy","fry","grade","chewing","moment","smokes","frame","soph","jordan","fart","bunk","bubblies","sl","tidbits"
