"get","break","bump","dough","standing","coins","tissues","tinker","turkeys","carpet","silver","general","napkins","tons","surprises","lighter","death","goldfish","dresser","peeps","specific","construction","sooner","makeup","suntan","mus","kites","marshmallow"
"climb","boys","jellyfish","girls","step","nowhere","lap","luna","mushroom","whisper","dawson","wins","swallow","powers","slime","baker","collar","choice","compost","persons","tentacles","goggles","raptors","task","fangs"
"duck","stairs","poor","drew","buying","answer","thinks","spaceship","percy","ideas","daisy","cabin","slave","ducky","runs","hike","spencer","luke","misses","crunch","stands","math","pond","boring","semicircle","dick","wizard","lucy","licorice","snowflakes","policeman"
"friends","upstairs","pizza","inc","jelly","star","carry","heavy","butter","ants","butt","wars","lights","pants","sees","pea","lick","shoot","calendar","twinkle","clock","spoon","cherries","comb","behavior","gobble","observer","hut","blowing","ending","flys","luna","mixing","dandy","wiggles","cashier","ne","measures"
"fell","erin","rock","cheese","mud","building","fight","sully","sugar","abraham","peter","cliff","grape","candles","syrup","salt","families","stone","quack","trampoline","crickets","patch","hyenas","parker","berry","sandals","cane","cheep","lollipop","coconut","tay","huts","china"
"move","fix","dollars","couch","hole","front","shoes","rainbow","wheels","times","sky","brother","sting","hundred","candies","bee","beds","reason","aquarium","magnet","starting","pillows","bricks","thousand","beard","stealing","eighty","dandelion","alien","company","scooters","seventeen","aliens"
"wear","tie","sell","snakes","order","binoculars","church","snowman","woods","nancy","sledding","basement","seed","playroom","hate","whites","chain","spring","pocahontas","wrist","screwdriver","skirt","pennsylvania","vote","abc","extras","ties","thistle","skirts","anacondas","lota"
"car","green","game","park","drove","ta","goblin","van","fifty","bumblebee","shop","tires","young","hopper","vase","tag","jeep","driveway","mons","parking","aliens","highway","jurassic","lily","rental","leftovers","washes","guns","warren","chess","tint","luke","appointment","ev","racing","carrier","burps","county","amusement"
"monster","spills","potter","special","watching","crying","using","potatoes","shoe","shovel","pushing","squirrels","cutting","digging","knocks","sprinkles","pail","pajamas","forest","rich","knot","driver","sleeve","snacks","seatbelt","chamber","outfit","raindrops","filling","mushes"
"sticker","inside","cats","cow","kinds","weekend","matthew","cars","nails","city","pets","crash","uses","oink","charlotte","bead","plans","candle","anger","musical","needle","conversation","cages","siamese","queen","jordan","thursday","dreams","quincy","muffins","impossible","lies","entire","sucks","cooties","sports"
"hat","hiding","paint","teacher","da","meet","santa","movies","numbers","farmer","airplane","george","costume","calling","slug","ham","brave","ninth","ink","captain","john","ashes","mosquitos","mrs","war","paintbrush","edwards","decision","whistle","rug","jets","blackberries","vote","snowflake","distance"
"james","farm","beach","finger","summer","camp","weird","hotel","growing","donkey","wolf","drinks","tractors","blues","thunder","alaska","acorns","dishes","oval","shrimp","congratulations","tickling","stethoscope","swish","dunkirk","shock","orchestra","seahorse","poster","charcoal","earrings","female","hood","drawers","teasing","passengers"
"like","fish","stick","tv","sound","check","scorpion","best","goodbye","kill","gun","gymnastics","hockey","mister","corn","frosting","screen","clown","needles","felt","claw","scratching","superman","toaster","drum","shaving","cartoon","squirt","brothers","planning","smells","tuna","stinks","soda","cob","baking","oranges","volcano","pulp","pep","fluff","manatees"
"food","body","wet","potty","cash","register","smile","fat","york","angel","clues","fridge","climbing","claws","bother","hurry","bottoms","restaurant","cough","suck","grandmas","toothbrush","helicopter","upset","yarn","luck","chinese","roars","bowler","business","cowboys","section","dreaming"
"party","fun","sharks","touch","win","crab","glass","chance","team","wrapping","waterfall","problems","crabs","cookbook","join","nina","unicorn","tuba","alphabet","bay","graduation","desert","sunflower","factory","banging","strikes","pretzel","hammock","trash","planet","cloud","angels","yak","anthony","freezing","medium","favors","tying","craziness"
"going","use","red","blue","white","spots","pop","hill","stripes","mail","pound","barbecue","blink","bait","blob","tap","tricker","buster","foam","bookmarks","violet","pittsburgh","drummer","drip","ponderosa","leas","jogging","carnivore","wintertime","ecosystem","trough","conclusion","pays"
"dat","trick","chickens","soap","skin","round","flowers","log","tyrannosaurus","duckbill","collect","glitter","sense","pineapple","matches","belt","twigs","ro","silo","decoration","ghosts","japanese","ribbon","railroad","hummingbird","fires","wight","exit","asian","ticks","easel","smelling","tyrannosaur"
"drive","robot","likes","lunch","tortoise","bags","garden","ladders","kitten","nuts","hearts","bananas","oven","bar","strawberry","plastic","rubber","brownies","blank","shortcake","pulls","chutes","patient","jaws","mary","dice","treats","ponytail","chart","dish","codes","backs","secrets","rachel","manger","pizzas","holder","spirit"
"cat","chocolate","kitty","cookie","point","hotdogs","eraser","valley","horns","litter","bailey","hammerhead","chip","selling","sprinkle","scoop","honkers","grey","spells","purr","tentacles","threes","marching","chef","hector","en"
"roman","found","great","hi","eggs","visit","cinderella","lock","block","finding","bacon","towers","causing","remote","ala","airplanes","dip","jerry","nighttime","lollipops","max","cozy","spinner","nests","marlin","ruby","grandmother","dory","streets","mick","carnival","puller"
"fire","sand","swim","twenty","ketchup","banana","tea","police","ducks","saturday","course","chin","sleeps","pops","jack","penguin","carrots","firewood","march","fireplace","dessert","crane","mosquito","kayak","waffles","castles","stitches","rex","heat","slaves","diver","slipper","officer","cinnamon","oatmeal","doobs","swipe"
"things","name","guy","face","room","hello","making","comes","light","black","leg","six","small","puppy","quick","hook","dear","drop","pages","matter","surprise","shell","doggies","breaking","shining","bounce","buck","bow","squirrel","past","whoop","washing","ladybug"
"dad","doggie","pet","ocean","balls","dead","dig","dance","pocket","bucket","ruin","witch","coat","drawer","marker","price","rooster","florida","toe","mustard","hamster","goodness","buffalo","classes","th","melon","trunks","waist","doubt","licking","nibble","total","uniform","rose","barnyard","shore"
"daddy","dinosaur","safe","camel","least","woof","nut","cord","skeletons","dye","sucker","blows","ark","snoring","tusks","beat","earth","stable","sleepover","stir","flush","iceland","channel","cushions","picnics","gerbil","hamper","beau","yawning","drugs","dial","conference"
"hair","ate","thinking","foot","rides","sale","laying","notice","poke","kangaroo","containers","pinata","lighthouse","pose","suds","crackers","wire","sponges","rochester","skateboard","flag","level","memorial","scratches","tennis","meatballs","cue","armor"
"fit","pretend","mouth","spiders","flying","grass","worm","class","beans","telephone","metal","ant","gum","god","pole","smiling","language","peas","donut","snitch","broccoli","onions","drives","desk","lightning","feeding","throws","logs","hours","cloth","thirteen","chopper","mailbox","code"
"draw","person","buzz","chalkboard","flower","cave","ruff","sides","island","mush","snoopy","bicycle","walls","river","bank","amusement","equipment","pasture","connecticut","vermont","erie","kitties","owls","checks","engine","gifts","example","goat","pen","confetti","meets","sentences","crystal","beer","skate","hamster","staple","express","benjamin"
"mountain","computer","dot","ding","flashlight","bat","stepmother","playground","duncan","rat","buckets","yellows","tom","paws","indians","popsicle","plugs","cassandra","milkshake","patrick","beast","spinning","swords","piano","jet","babe","chilly","swimmer","dong","stepsisters","baba","mailman"
"bed","shark","trip","sheep","animal","window","sticks","shopping","garage","boom","washington","giraffes","wiggle","instrument","project","hammerhead","nay","center","moves","drums","quilt","reef","necks","meadow","reflection","burrow","penis","dweller","mastodon","fours","pounding","wipers","britches","frame","mozzarella"
"color","help","dark","names","space","reach","ha","mummy","shuttle","maker","centipede","willing","probe","elizabeth","pedal","tarantula","shade","crafts","arts","scamp","blast","jobs","shuttles","crescent","zippers","pixel","whinny"
"picture","happening","museum","video","pretending","library","punch","glove","milkshake","thomas","neighbor","teachers","tarantulas","spit","laser","cupcake","antelope","laughs","knees","splashing","creatures","mo","spikes","antenna","electricity","settling","quilts","ticks","raptors"
"de","doctor","bye","lost","hope","feed","bowl","square","udder","world","holes","cereal","closer","suess","lamb","control","shots","mittens","bark","twirl","helper","tapes","passenger","none","lifesavers","scorpions","watcher","america","sprinkler","sculpture","bells","cere","pocketbook","atlas","telescope"
"fly","bird","orange","leave","bike","bag","cause","garbage","riding","helmet","ladder","cactus","chute","sled","christopher","robin","add","roadrunner","broomsticks","cans","feeder","delicious","choke","ferret","swatter","jordan","sprinkling","knights","lemons","watches","camels","object","hoops"
"see","let","five","man","ten","shirt","phone","balloon","works","fits","frog","minutes","giraffe","boxes","cup","camera","le","flash","mirror","spray","sculptures","fox","sneakers","difference","lamp","butterflies","toenails","jacket","flick","fancy","television","ballet","barber","tory","accent","licorice","cassandra","bs","measuring"
"horse","christmas","sandwich","seven","barn","knows","eight","cost","thirty","moon","colored","peanut","cents","forty","dolphin","skating","castle","rhinoceros","eleven","sarah","plates","sandwiches","quarter","nineteen","heaven","washer","thumb","baa","sisters","mommies","shaking","caves","players","pointer","seconds"
"momma","yellow","pictures","train","rocks","taking","wall","balloons","trouble","vroom","sir","knife","shorts","snails","puppets","lift","deep","kite","jar","sent","rocket","breath","dawson","gorilla","screw","cliffs","rainforest","crows","program","stacks","kangaroos","deck","fossil","stones","observation","scamp","ano","slugs","shadows"
"water","milk","store","door","close","bathroom","guest","spout","list","opening","cabinet","knocking","swims","squirts","tide","divers","fountain","lid","spraying","teapot","shutters","lean","fields","hippos","burping","flap","supplies","scarf","gown"
"make","take","teeth","bowling","leaves","rain","boots","keys","squares","nail","spin","longer","alley","sweater","jokes","baths","brushing","shout","plain","cooler","cleans","disk","farmhouse","icing","checkers","farms","design","salads","underground","juicer"
"whale","zoo","nine","baseball","monkey","dress","plane","skeleton","basketball","ew","board","trunk","ship","sock","bush","extra","fin","zoom","treasure","rule","twin","planes","chest","hats","dive","portugal","reptile","breaker","taylor","chased","anchor","xylophone","alarm","trap","california","mon","skates","howdy","ssss"
"good","movie","time","job","girl","place","shot","eater","super","wake","theaters","cry","builder","neck","takes","tongue","prize","laugh","mix","deal","hanging","taste","sweet","cleanup","theater","bell","harvest","bottles","click","hearing","holy","pots","traps","rinse","scanning","bible","gi","chores"
"tell","mean","gets","idea","grandpa","wants","old","tree","mouse","looking","grab","sounds","thanks","words","cookies","music","letters","belly","blocks","share","mickey","king","short","coloring","roof","apples","tickle","joke","fold","waking","tops","michael","ca","gloves","crawling","stole","visiting"
"back","first","couple","seat","yard","dream","race","pencils","crown","papers","leader","dinnertime","wand","willow","weeping","zap","grading","elevators","sandpaper","meteor","pass","scrubs","conclusion"
"look","camping","town","parade","puzzles","bees","babysitter","trucks","sparkles","stamp","screaming","floors","melissa","antennae","olympics","buildings","purples","breads","nick","charge","roses","flashlights","tusk","yelling","bonus","adventure","pi","santas","mayor","toasts","strobe","splatter","godmother","schedule","goods","moth","objects","splatters","forklift","pretender"
"catch","monsters","worms","plant","line","days","stickers","eaters","fingers","bottle","street","sesame","moo","toast","walks","scuba","pterodactyl","scrub","cotton","cross","grocery","caterpillar","terms","chicago","leaving","suit","diver","cowboy","goats","din","snap","sidewalk","rattle","gift","shoulder","slugs","data","steals","post","doughnuts","raptor","bathing","macaronis"
"show","us","favorite","pick","hide","set","knock","football","flip","chase","chew","lip","pinball","chop","storm","diapers","following","hoop","tip","bull","wink","bop","aside","compost","flaps","waste","burps","flops","setup","quarry","microscope","dining","african","stoop"
"wait","top","minute","rash","question","bottom","asking","questions","den","till","sewing","touching","dweller","sec","understanding","blocking","counts","soph","karens","act","keeper","dandelions","strings","choking","scorpions","bristle","knobs","mamma","mitt","chuck"
"funny","run","juice","blow","magic","sink","pumpkins","bunnies","beads","yell","triceratops","peach","cartoons","lemon","crow","snort","ceiling","downtown","shampoo","bill","yea","toothpaste","tuck","stegosaurus","batman","daddies","puddles","base","hose","grace","doodle","lord","gracie","sake","mane"
"book","looks","tank","coming","key","plants","lake","statue","reading","dentist","net","counting","elevator","dust","magnets","lizards","remembering","safety","diamond","porcupine","cheetah","afternoon","saint","south","lab","backpack","batting","path","dragonfly","compound","note","mixer","sm"
"boy","talking","morning","nap","sunday","smart","infinity","mop","monday","twins","strawberries","knee","classroom","tickles","leap","tickets","items","reindeer","morgan","kissing","boats","cart","toby","bulb","hunter","goals","vegetable","crier","bobble","leaping"
"eating","eye","tractor","snake","mice","gas","ben","born","supper","listening","match","lizard","chimney","news","scares","closing","crib","catches","warmer","pancakes","stove","station","sixteen","earring","pepper","cobra","tweet","crocodile","strike","carnivores","flips","buses","weather","roadrunner","stinger","viaduct","powder"
"house","whole","push","slide","song","enough","breakfast","bunch","cards","apple","pack","grill","turns","glad","fixing","cakes","fill","self","forehead","roosters","bruce","dalmatian","cocoa","disguise","wont","dash","bookshelf","pancake","vote","ottoman","batter","lanterns","membership"
"ice","bug","high","count","turtle","seeds","nest","puppet","dancing","swing","beetle","broom","songs","pot","hamburger","spill","bats","singing","finds","men","mans","squeak","mountains","cone","coffee","pup","creams","parlor","gage","grounds","sip","peel","founding","vanessa","cooties","cones"
"stuff","spider","cage","meow","grapes","wool","webs","stomach","brush","wings","goal","fry","boogers","weaver","footprints","headache","valentine","amount","notebook","rains","cheek","canadian","gat","meeting","adults"
"dogs","ball","lime","working","octopus","jones","art","un","tar","beethoven","ropes","horn","eel","wa","invite","tadpoles","instruments","hotdog","gives","sharing","poe","scanning","granny","zip","presidents","receipt","puffer","surprises","joseph","python","roadrunner","eskimos","golfer"
"go","talk","buy","friend","snow","lady","vacation","fast","upside","running","button","press","gate","fishing","hospital","circus","hiking","beginning","toronto","fur","tunnel","windows","rooms","summertime","escape","melting","poles","cockatoo","po","dings","hills","mash","sweat"
"put","bugs","blankets","picnic","jail","groceries","bodies","stool","spitting","dollhouse","poison","shelf","suitcase","sam","junk","weight","panties","brakes","covers","mitten","dime","mitts","phones","tab","caps","burps","packaging","jumble","toasters","scrambles","stilts","barbell"
"thing","dis","hold","makes","keep","guess","love","web","kids","bet","noise","sitting","arms","horses","lives","nobody","life","turning","tomato","lie","wild","birdie","artist","hive","allosaurus","dolls","radio","sells","farmers","creature","separate","shoulders","raccoon","single"
"night","nose","pink","bears","doll","dose","tissue","toes","purse","piggy","wipe","twelve","heads","ba","painting","saves","bleeding","noses","plug","fifteen","squeeze","blower","search","bun","popping","loo","si","beef","market","spelling","honk"
"books","women","bite","roll","clothes","potato","group","rules","disney","macaroni","tries","particular","mouths","daycare","roller","wears","broomstick","splat","grasshoppers","grownup","yam","sausages","coaster","crusts","venom","jumper","chickadee","eyebrow","coasters","chunk","flavor","coconuts","thorn","parrots","slugs"
"come","side","stand","tomorrow","sweetie","country","information","erica","telephones","arthur","view","scales","journey","prison","buggy","microscope","safaris","vote","consequences","talker","jingles","doofus","shortcake","kidneys","intestines"
"play","better","grandma","commercial","games","soccer","president","band","shells","parties","doughnut","seek","kittens","ge","aid","cups","aids","boogies","sinks","preschool","mystery","sweaters","schools","kleenex","outs","parachute","file","necklaces","grandpas","eve","drumming","vehicles"
"try","dinosaurs","hulk","ones","brown","map","popcorn","parts","elephants","study","shows","tools","showing","houses","dale","container","whales","writing","chips","cooking","alligator","memory","copy","twos","recent","studying","finishing","ramp","saving","ponies","nickel","toddler","chomp","concrete","quince","tore"
"uma","dew","eats","cover","socks","friendly","marshmallows","diesel","jackson","joshua","blood","hammers","gargoyle","squirm","butch","clips","carpenter","straw","whiskers","switching","licorice","kazoo","tunnels","silk","jellyfishes","poops","pew","splattering","glops","orangutan","finishes","zamboni","fart","ax","professors","ates"
"way","work","paper","somewhere","boat","pieces","must","glue","batteries","letter","feeling","feels","ferry","mark","flat","lying","wedding","fireman","ringing","stem","pencil","floating","stretch","pa","stores","fisher","billy","steps","reasons","tracing","hiccups","noodle","sunset","marking","ski"
"want","glasses","lay","pee","furniture","children","refrigerator","rolling","legos","hay","parents","pees","experience","bellyache","pacifier","duckbill","hints","sully","dripping","peeing","begin","stepsisters","scamp","opera","oboe","splatter","hyena","pigtails","rugs","remove"
"thought","mom","trees","wonder","cook","sandbox","pie","gold","fruit","wife","creek","husband","andrew","newspaper","ogre","holds","woman","forks","teaching","builds","stripe","bakery","haw","jaw","crawls","darling","coo","blueberry","motorcycles","fl","helpers","panic","slam","toasters"
"head","ring","sun","dump","spot","tall","mr","dry","puts","bench","cousin","scissors","doors","david","brain","seeing","picks","army","married","fork","frisbee","crack","pies","rub","niece","tells","tan","cement","globe","washcloth","sidewalks","transmitter","dryer","daytime","relative","shocks"
"know","saw","guys","karen","boo","means","holding","toilet","doggy","lions","holiday","office","jumps","noises","dolly","deer","costs","power","zebra","seals","freezer","tube","recording","sore","trail","dying","rabbits","doc","gym","astronauts","birth","causing","hunting","toad","matters","mastodon","tarantula"
"bath","drink","blanket","second","rest","finish","change","string","excuse","poop","splash","wrap","drinking","giving","circles","towel","lagoon","crawl","papa","smell","diaper","smoke","tub","purpose","foods","napkin","setting","landing","bubbly","melt","notes","donna","festival","hints","lower","brontosauruses"
"sleep","stay","four","feel","feet","care","word","fighting","machine","wearing","closet","frogs","edge","motor","tails","goo","wee","stink","spare","plays","hits","burp","chewing","hap","fireworks","tarantulas","cape","height","prayer","sweatshirt","humps","dada","tarantula","attic","sleeves","rockets"
"mommy","treat","clip","learning","auntie","option","bamboo","spanish","teaches","lipstick","er","homes","syllables","awe","shepherd","shack","spotter","cracking","viaduct","bobby","drops","leaning","pill","sl","physics","laws","snowbank","mak"
"disease","kitchen","hammer","buttons","cleaning","miss","jesus","necklace","pinch","jordan","case","empty","rectangle","guitar","pockets","bumblebees","hippo","sweetheart","mow","fins","birdhouse","haystack","lobsters","chisel","kingdom","shouting","peck","dawson","sacks"
"one","giant","wheel","gray","sharp","size","prince","favorites","hairs","winning","scarecrow","reverse","splatter","cabin","hero","sack","mass","sailor","storybooks","helens","disc","hollow","mastodon","dame","splashes"
"three","animals","page","number","start","mother","cows","pigs","zero","vacuum","motorcycle","puppies","lava","shoots","sucking","kisses","pad","bedroom","african","shadow","milks","heavens","nature","wednesday","leashes","mudder","hugs","pigeons","cleaner","robert","nodes","rescuer","splatters","cookbooks","waterfalls","possum","vacuums","relief"
"swimming","jumping","putting","teach","rope","rabbit","stays","zee","attention","porch","cap","insects","squish","heating","cushion","lessons","visitor","bulbs","voices","pressure","pirate","unconscious","microwave","llama","grasshopper","braces","seagull"
"today","yesterday","clean","drawing","piece","circle","cousins","mess","starts","kick","fries","wagon","wood","fence","calls","jenny","ray","aisle","date","lawn","third","sparkle","sheet","butts","clear","eighteen","sheets","months","popsicles","expiration","draws","cooperative","sixty"
"hm","card","credit","snail","mall","hitting","jello","scooter","dirt","yoga","row","nutcracker","bushes","ni","mat","germs","raft","sets","indian","greens","reds","branches","raisins","overdraft","skunk","cuts","dances","trips","poses","locomotive","puffin","woodchuck"
"mm","lion","elephant","turkey","bread","tonight","hang","snack","makin","jungle","scratch","shower","figure","return","float","swings","coach","marshmallow","boot","concentrate","burgers","twist","meteor","sneeze","pegs","daughter","pickles","shack","possible","diamonds","lunchtime","killing","mi","tastes","pepperoni"
"end","sick","mine","chicken","egg","kid","scare","plate","kiss","opens","tornado","tow","blah","hunt","carnival","noodles","spaghetti","nuggets","rice","pox","carrot","winner","lays","nurse","violin","doctors","barrel","low","tire","common","karate","coop","nightmare","ra","potpie","ticks","trampoline"
"fall","bit","walk","pull","sister","saying","dollar","fine","cradle","microphone","leash","ghost","butterfly","wish","bubble","half","wind","gee","son","germany","given","afternoons","dings","kills","reaching","law","chains","fleas","burn","filter","source","towels","sneezing","hel","jordan","gran","pal","grand"
"turn","lot","babies","talks","gross","goofy","science","rough","pairs","mummies","split","sue","nights","ss","microscope","bucks","boa","pluto","constrictor","babysitters","fridges","lump","guests","pterodactyl","cookbooks","lota","smudge","helen","lighthouses","scorpions","borrowing"
"two","silly","crayons","bones","dakota","monkeys","trains","weeks","north","sponge","pins","goose","worry","mouses","switch","tables","dolphins","rainbows","directions","exercise","wing","ways","campsite","knives","flashes","turtles","points","heading","couches","mornings","bars","seats","antennas","shovels","cupcakes","oxygen","minus","balance"
"money","part","puzzle","needs","pay","dinner","land","french","voice","family","pile","bone","lincoln","crayon","lettuce","battery","umbrella","hamburgers","training","coin","shirts","platypus","penny","plus","ends","steal","foodie","sunshine","token","ceilings","wisconsin","emmy","rick","moneys"
"people","real","outside","table","cold","hit","pumpkin","arm","walking","halloween","bent","ground","lines","hall","college","mayonnaise","microphones","jimmy","clothing","skiing","straight","marble","mask","moss","bracelet","tramp","rake","fans","ireland","bumps","carving","tentacles","aliens","nickname","puck","spank","neutron"
"need","might","playing","hands","wash","pool","pillow","hug","haircut","plan","plenty","crazy","fair","diving","catching","faces","eyeball","eyeballs","grade","tuesday","flags","bikes","el","covering","terry","hugging","twisting","swan","celery","forth","fa","musics","pushes","refresher","luke","forward","travel","trenton"
"oh","bear","cream","stop","far","teddy","la","stories","heart","perfect","shy","dots","lobster","panda","accident","matt","ho","backyard","states","speaking","roaring","ambulance","lilo","causing","mushrooms","scorpions","handle","spinach","kit","grabber","settles","cootie","choc","dock","dos","stitch","maze","slave","chirp"
"eyes","sleeping","legs","tail","tick","purple","free","bridge","bubbles","places","scream","troll","watering","bites","june","spike","skinny","calm","oscar","spread","shake","beak","trade","cheeks","possibility","clowns","fan","wags","sully","hedgehog","stinger"
"think","find","says","getting","candy","pig","presents","tooth","waiting","tigers","canes","ornaments","ron","test","hooks","spell","booth","goof","llamas","spike","armadillo","ceratosaurus","deciding","tint","stall"
"school","meat","bus","someone","driving","telling","full","fishes","lots","beep","bang","stars","vegetables","mustache","state","stack","zebras","cherry","tomatoes","sauce","settle","ginger","somersaults","blame","feathers","energy","pennies","moons","meal","stocking","sa","lovely","peacock","porcelain","mommys","knob","hooking","catholic","plaid"
"chair","living","problem","mama","regular","fairy","tarzan","corner","sat","wilson","robots","slides","cockatoo","godmother","midnight","wrestling","safari","kindergarten","crayfish","coincidence","golf","clouds","spike","character","roadrunner","weavers","scrubbing","hissing","veg","jordan","pads","stepsisters","grabs"
"toys","present","wrong","road","shape","type","buddy","ear","age","years","ninety","hurting","secret","facing","tinker","robins","nigger","splinter","whispering","drugstore","thread","characters","license","gage","pianos","arguing","ticker","beauty","imagination","issue","sending","iraq","belle"
"throw","dragon","air","middle","flies","rescue","sea","player","die","cody","brontosaurus","soup","mosquitoes","helps","quarters","wrench","leaf","investigator","astronaut","juggling","caterpillars","practice","collection","burger","spins","trophy","peaches","pups","muscles","promise","evil"
"home","give","tape","bad","medicine","toy","chalk","floor","hint","save","recorder","loves","bringing","track","mind","record","hour","whip","ladies","australia","decorations","taping","tackle","lantern","depot","styrofoam","focus","reef","dinners","smiles","role","hints","nursing","sneak"
"kind","dog","open","day","bob","year","scan","thanksgiving","picking","princess","wires","shapes","costumes","aunt","swinging","rip","hound","uncle","area","valentines","mac","shine","wi","sardines","folds","rubbing","beam","adam","wasp","hatch","evening","carol","beethoven","molly","simon","fossils","pterodactyl"
"say","nothing","bathtub","true","tiger","roar","owl","al","rings","saber","li","worse","fourteen","system","month","answers","sandal","ki","messes","male","waves","luke","termites","australia","thick","isabella","ottoman","prayer","rhino"
"story","read","lets","colors","basket","welcome","triangle","pulling","chairs","laundry","magazine","bend","freeze","campfire","dumping","jason","branch","bedtime","runner","lips","field","hippopotamus","marbles","arguments","opera","message","snowball","stew","million","maps","scamp","african","shame","babar","puff"
"goes","birthday","cake","jump","bunny","falls","child","ears","hop","easter","niagara","quiet","stops","sang","slippers","firefly","weasel","interview","grumble","dressing","category","cuckoo","patty","celebration","attachment","awe","slaves","burrow"
"watch","hand","honey","cut","left","mike","markers","sword","helping","liberty","salad","pan","father","pit","videos","feather","scar","graham","tee","trace","frying","elf","poachers","yogurt","fingernails","jurassic","raise","refresher","screws","crust","cracker","splatter","aliens","shaver","comic","constrictor","notch"
"last","box","week","build","pin","tower","tent","causing","winter","keeps","tool","takin","prizes","fort","tear","porridge","birthdays","goldilocks","morgan","pools","flooring","period","buds","ornament","scales","ad","lakes","potential","slime"
"baby","hurt","ride","call","truck","tummy","birds","hurts","berries","friday","piglet","stroller","shooting","sort","carriage","koala","cries","pony","beluga","guinea","icecream","boston","sheeps","hyena","gutter","squeezing","ache","normal","na","duckbills","terrier","beethoven","exhaust","growling","backhoe","blindfold","lungs","ferret","shannon","hurdles"
